seed,arm,L,phi,m,R,C,X,delta,n
1,v1,32,0.25,1,0.5677083333333334,0.25,0.18229166666666663,0.31770833333333337,192
1,v2,32,0.25,1,1.0,0.0,0.0,1.0,192
1,vB,32,0.25,1,1.0,0.0,0.0,1.0,192
1,vBl,32,0.25,1,1.0,0.0,0.0,1.0,192
1,mon,32,0.25,1,0.9427083333333334,0.010416666666666666,0.046874999999999965,0.9322916666666667,192
1,probe_v1,32,0.25,1,0.4791666666666667,0.20833333333333334,0.3124999999999999,0.27083333333333337,192
1,probe_vB,32,0.25,1,1.0,0.0,0.0,1.0,192
1,reminder,32,0.25,1,0.59375,0.203125,0.203125,0.390625,192
1,v1,32,0.25,4,0.59375,0.19791666666666666,0.20833333333333334,0.39583333333333337,192
1,v2,32,0.25,4,1.0,0.0,0.0,1.0,192
1,vB,32,0.25,4,1.0,0.0,0.0,1.0,192
1,vBl,32,0.25,4,1.0,0.0,0.0,1.0,192
1,mon,32,0.25,4,0.9375,0.041666666666666664,0.020833333333333336,0.8958333333333334,192
1,probe_v1,32,0.25,4,0.4166666666666667,0.23958333333333334,0.3437499999999999,0.17708333333333334,192
1,probe_vB,32,0.25,4,1.0,0.0,0.0,1.0,192
1,reminder,32,0.25,4,0.6354166666666666,0.203125,0.16145833333333337,0.43229166666666663,192
1,v1,32,0.75,1,0.59375,0.203125,0.203125,0.390625,192
1,v2,32,0.75,1,1.0,0.0,0.0,1.0,192
1,vB,32,0.75,1,1.0,0.0,0.0,1.0,192
1,vBl,32,0.75,1,1.0,0.0,0.0,1.0,192
1,mon,32,0.75,1,0.9583333333333334,0.010416666666666666,0.031249999999999965,0.9479166666666667,192
1,probe_v1,32,0.75,1,0.4322916666666667,0.1875,0.38020833333333326,0.24479166666666669,192
1,probe_vB,32,0.75,1,1.0,0.0,0.0,1.0,192
1,reminder,32,0.75,1,0.578125,0.21354166666666666,0.20833333333333334,0.36458333333333337,192
1,v1,32,0.75,4,0.5520833333333334,0.24479166666666666,0.20312499999999997,0.30729166666666674,192
1,v2,32,0.75,4,1.0,0.0,0.0,1.0,192
1,vB,32,0.75,4,1.0,0.0,0.0,1.0,192
1,vBl,32,0.75,4,1.0,0.0,0.0,1.0,192
1,mon,32,0.75,4,0.9427083333333334,0.020833333333333332,0.0364583333333333,0.921875,192
1,probe_v1,32,0.75,4,0.390625,0.234375,0.375,0.15625,192
1,probe_vB,32,0.75,4,1.0,0.0,0.0,1.0,192
1,reminder,32,0.75,4,0.5989583333333334,0.22916666666666666,0.17187499999999997,0.36979166666666674,192
1,v1,32,end,1,0.5364583333333334,0.22395833333333334,0.2395833333333333,0.3125,192
1,v2,32,end,1,1.0,0.0,0.0,1.0,192
1,vB,32,end,1,1.0,0.0,0.0,1.0,192
1,vBl,32,end,1,1.0,0.0,0.0,1.0,192
1,mon,32,end,1,0.9791666666666666,0.0,0.02083333333333337,0.9791666666666666,192
1,probe_v1,32,end,1,0.453125,0.171875,0.375,0.28125,192
1,probe_vB,32,end,1,1.0,0.0,0.0,1.0,192
1,reminder,32,end,1,0.5833333333333334,0.203125,0.21354166666666663,0.38020833333333337,192
1,v1,32,end,4,0.53125,0.23958333333333334,0.22916666666666666,0.29166666666666663,192
1,v2,32,end,4,1.0,0.0,0.0,1.0,192
1,vB,32,end,4,1.0,0.0,0.0,1.0,192
1,vBl,32,end,4,1.0,0.0,0.0,1.0,192
1,mon,32,end,4,0.9583333333333334,0.015625,0.02604166666666663,0.9427083333333334,192
1,probe_v1,32,end,4,0.4375,0.1875,0.375,0.25,192
1,probe_vB,32,end,4,1.0,0.0,0.0,1.0,192
1,reminder,32,end,4,0.5416666666666666,0.23958333333333334,0.21875000000000003,0.30208333333333326,192
1,v1,64,0.25,1,0.6197916666666666,0.18229166666666666,0.1979166666666667,0.4375,192
1,v2,64,0.25,1,1.0,0.0,0.0,1.0,192
1,vB,64,0.25,1,1.0,0.0,0.0,1.0,192
1,vBl,64,0.25,1,1.0,0.0,0.0,1.0,192
1,mon,64,0.25,1,0.9270833333333334,0.036458333333333336,0.036458333333333294,0.890625,192
1,probe_v1,64,0.25,1,0.46875,0.203125,0.328125,0.265625,192
1,probe_vB,64,0.25,1,1.0,0.0,0.0,1.0,192
1,reminder,64,0.25,1,0.6302083333333334,0.15104166666666666,0.21874999999999997,0.47916666666666674,192
1,v1,64,0.25,4,0.6197916666666666,0.1875,0.19270833333333337,0.43229166666666663,192
1,v2,64,0.25,4,1.0,0.0,0.0,1.0,192
1,vB,64,0.25,4,1.0,0.0,0.0,1.0,192
1,vBl,64,0.25,4,1.0,0.0,0.0,1.0,192
1,mon,64,0.25,4,0.9375,0.026041666666666668,0.03645833333333333,0.9114583333333334,192
1,probe_v1,64,0.25,4,0.4427083333333333,0.171875,0.38541666666666674,0.2708333333333333,192
1,probe_vB,64,0.25,4,1.0,0.0,0.0,1.0,192
1,reminder,64,0.25,4,0.5833333333333334,0.16145833333333334,0.25520833333333326,0.421875,192
1,v1,64,0.75,1,0.5729166666666666,0.265625,0.16145833333333337,0.30729166666666663,192
1,v2,64,0.75,1,1.0,0.0,0.0,1.0,192
1,vB,64,0.75,1,1.0,0.0,0.0,1.0,192
1,vBl,64,0.75,1,1.0,0.0,0.0,1.0,192
1,mon,64,0.75,1,0.9375,0.026041666666666668,0.03645833333333333,0.9114583333333334,192
1,probe_v1,64,0.75,1,0.359375,0.19791666666666666,0.44270833333333337,0.16145833333333334,192
1,probe_vB,64,0.75,1,1.0,0.0,0.0,1.0,192
1,reminder,64,0.75,1,0.625,0.19270833333333334,0.18229166666666666,0.43229166666666663,192
1,v1,64,0.75,4,0.5260416666666666,0.20833333333333334,0.265625,0.31770833333333326,192
1,v2,64,0.75,4,1.0,0.0,0.0,1.0,192
1,vB,64,0.75,4,1.0,0.0,0.0,1.0,192
1,vBl,64,0.75,4,1.0,0.0,0.0,1.0,192
1,mon,64,0.75,4,0.9479166666666666,0.015625,0.03645833333333337,0.9322916666666666,192
1,probe_v1,64,0.75,4,0.484375,0.13541666666666666,0.38020833333333337,0.34895833333333337,192
1,probe_vB,64,0.75,4,1.0,0.0,0.0,1.0,192
1,reminder,64,0.75,4,0.625,0.19270833333333334,0.18229166666666666,0.43229166666666663,192
1,v1,64,end,1,0.578125,0.17708333333333334,0.24479166666666666,0.40104166666666663,192
1,v2,64,end,1,1.0,0.0,0.0,1.0,192
1,vB,64,end,1,1.0,0.0,0.0,1.0,192
1,vBl,64,end,1,1.0,0.0,0.0,1.0,192
1,mon,64,end,1,0.921875,0.010416666666666666,0.06770833333333333,0.9114583333333334,192
1,probe_v1,64,end,1,0.515625,0.13541666666666666,0.34895833333333337,0.38020833333333337,192
1,probe_vB,64,end,1,1.0,0.0,0.0,1.0,192
1,reminder,64,end,1,0.6145833333333334,0.19791666666666666,0.18749999999999997,0.41666666666666674,192
1,v1,64,end,4,0.609375,0.23958333333333334,0.15104166666666666,0.36979166666666663,192
1,v2,64,end,4,1.0,0.0,0.0,1.0,192
1,vB,64,end,4,1.0,0.0,0.0,1.0,192
1,vBl,64,end,4,1.0,0.0,0.0,1.0,192
1,mon,64,end,4,0.9427083333333334,0.015625,0.04166666666666663,0.9270833333333334,192
1,probe_v1,64,end,4,0.5,0.15625,0.34375,0.34375,192
1,probe_vB,64,end,4,1.0,0.0,0.0,1.0,192
1,reminder,64,end,4,0.6510416666666666,0.17708333333333334,0.17187500000000003,0.47395833333333326,192
1,v1,128,0.25,1,0.609375,0.21875,0.171875,0.390625,192
1,v2,128,0.25,1,1.0,0.0,0.0,1.0,192
1,vB,128,0.25,1,1.0,0.0,0.0,1.0,192
1,vBl,128,0.25,1,1.0,0.0,0.0,1.0,192
1,mon,128,0.25,1,0.9635416666666666,0.015625,0.02083333333333337,0.9479166666666666,192
1,probe_v1,128,0.25,1,0.4322916666666667,0.15625,0.41145833333333326,0.2760416666666667,192
1,probe_vB,128,0.25,1,1.0,0.0,0.0,1.0,192
1,reminder,128,0.25,1,0.5416666666666666,0.22395833333333334,0.23437500000000003,0.31770833333333326,192
1,v1,128,0.25,4,0.5885416666666666,0.234375,0.17708333333333337,0.35416666666666663,192
1,v2,128,0.25,4,1.0,0.0,0.0,1.0,192
1,vB,128,0.25,4,1.0,0.0,0.0,1.0,192
1,vBl,128,0.25,4,1.0,0.0,0.0,1.0,192
1,mon,128,0.25,4,0.953125,0.015625,0.03125,0.9375,192
1,probe_v1,128,0.25,4,0.4270833333333333,0.16666666666666666,0.4062500000000001,0.26041666666666663,192
1,probe_vB,128,0.25,4,1.0,0.0,0.0,1.0,192
1,reminder,128,0.25,4,0.609375,0.19270833333333334,0.19791666666666666,0.41666666666666663,192
1,v1,128,0.75,1,0.5885416666666666,0.17708333333333334,0.23437500000000003,0.41145833333333326,192
1,v2,128,0.75,1,1.0,0.0,0.0,1.0,192
1,vB,128,0.75,1,1.0,0.0,0.0,1.0,192
1,vBl,128,0.75,1,1.0,0.0,0.0,1.0,192
1,mon,128,0.75,1,0.9479166666666666,0.015625,0.03645833333333337,0.9322916666666666,192
1,probe_v1,128,0.75,1,0.4427083333333333,0.140625,0.41666666666666674,0.3020833333333333,192
1,probe_vB,128,0.75,1,1.0,0.0,0.0,1.0,192
1,reminder,128,0.75,1,0.5833333333333334,0.21354166666666666,0.20312499999999997,0.36979166666666674,192
1,v1,128,0.75,4,0.6041666666666666,0.24479166666666666,0.1510416666666667,0.359375,192
1,v2,128,0.75,4,1.0,0.0,0.0,1.0,192
1,vB,128,0.75,4,1.0,0.0,0.0,1.0,192
1,vBl,128,0.75,4,1.0,0.0,0.0,1.0,192
1,mon,128,0.75,4,0.9479166666666666,0.026041666666666668,0.026041666666666703,0.921875,192
1,probe_v1,128,0.75,4,0.4583333333333333,0.17708333333333334,0.36458333333333337,0.28125,192
1,probe_vB,128,0.75,4,1.0,0.0,0.0,1.0,192
1,reminder,128,0.75,4,0.6302083333333334,0.15104166666666666,0.21874999999999997,0.47916666666666674,192
1,v1,128,end,1,0.5416666666666666,0.24479166666666666,0.2135416666666667,0.296875,192
1,v2,128,end,1,1.0,0.0,0.0,1.0,192
1,vB,128,end,1,1.0,0.0,0.0,1.0,192
1,vBl,128,end,1,1.0,0.0,0.0,1.0,192
1,mon,128,end,1,0.953125,0.015625,0.03125,0.9375,192
1,probe_v1,128,end,1,0.5104166666666666,0.1875,0.30208333333333337,0.32291666666666663,192
1,probe_vB,128,end,1,1.0,0.0,0.0,1.0,192
1,reminder,128,end,1,0.6197916666666666,0.19270833333333334,0.18750000000000003,0.42708333333333326,192
1,v1,128,end,4,0.6614583333333334,0.171875,0.16666666666666663,0.48958333333333337,192
1,v2,128,end,4,1.0,0.0,0.0,1.0,192
1,vB,128,end,4,1.0,0.0,0.0,1.0,192
1,vBl,128,end,4,1.0,0.0,0.0,1.0,192
1,mon,128,end,4,0.9427083333333334,0.020833333333333332,0.0364583333333333,0.921875,192
1,probe_v1,128,end,4,0.4479166666666667,0.16145833333333334,0.3906249999999999,0.28645833333333337,192
1,probe_vB,128,end,4,1.0,0.0,0.0,1.0,192
1,reminder,128,end,4,0.5677083333333334,0.22395833333333334,0.2083333333333333,0.34375,192
1,v1,192,0.25,1,0.5625,0.21875,0.21875,0.34375,192
1,v2,192,0.25,1,1.0,0.0,0.0,1.0,192
1,vB,192,0.25,1,1.0,0.0,0.0,1.0,192
1,vBl,192,0.25,1,1.0,0.0,0.0,1.0,192
1,mon,192,0.25,1,0.953125,0.015625,0.03125,0.9375,192
1,probe_v1,192,0.25,1,0.421875,0.19270833333333334,0.38541666666666663,0.22916666666666666,192
1,probe_vB,192,0.25,1,1.0,0.0,0.0,1.0,192
1,reminder,192,0.25,1,0.59375,0.22916666666666666,0.17708333333333334,0.36458333333333337,192
1,v1,192,0.25,4,0.6770833333333334,0.171875,0.15104166666666663,0.5052083333333334,192
1,v2,192,0.25,4,1.0,0.0,0.0,1.0,192
1,vB,192,0.25,4,1.0,0.0,0.0,1.0,192
1,vBl,192,0.25,4,1.0,0.0,0.0,1.0,192
1,mon,192,0.25,4,0.9791666666666666,0.010416666666666666,0.010416666666666704,0.96875,192
1,probe_v1,192,0.25,4,0.3958333333333333,0.171875,0.43229166666666674,0.22395833333333331,192
1,probe_vB,192,0.25,4,1.0,0.0,0.0,1.0,192
1,reminder,192,0.25,4,0.5729166666666666,0.19791666666666666,0.2291666666666667,0.375,192
1,v1,192,0.75,1,0.5572916666666666,0.23958333333333334,0.20312500000000003,0.31770833333333326,192
1,v2,192,0.75,1,1.0,0.0,0.0,1.0,192
1,vB,192,0.75,1,1.0,0.0,0.0,1.0,192
1,vBl,192,0.75,1,1.0,0.0,0.0,1.0,192
1,mon,192,0.75,1,0.9427083333333334,0.026041666666666668,0.031249999999999962,0.9166666666666667,192
1,probe_v1,192,0.75,1,0.46875,0.16666666666666666,0.36458333333333337,0.30208333333333337,192
1,probe_vB,192,0.75,1,1.0,0.0,0.0,1.0,192
1,reminder,192,0.75,1,0.5729166666666666,0.1875,0.23958333333333337,0.38541666666666663,192
1,v1,192,0.75,4,0.5729166666666666,0.234375,0.19270833333333337,0.33854166666666663,192
1,v2,192,0.75,4,1.0,0.0,0.0,1.0,192
1,vB,192,0.75,4,1.0,0.0,0.0,1.0,192
1,vBl,192,0.75,4,1.0,0.0,0.0,1.0,192
1,mon,192,0.75,4,0.9375,0.03125,0.03125,0.90625,192
1,probe_v1,192,0.75,4,0.4583333333333333,0.17708333333333334,0.36458333333333337,0.28125,192
1,probe_vB,192,0.75,4,1.0,0.0,0.0,1.0,192
1,reminder,192,0.75,4,0.5677083333333334,0.19791666666666666,0.23437499999999997,0.36979166666666674,192
1,v1,192,end,1,0.5625,0.21875,0.21875,0.34375,192
1,v2,192,end,1,1.0,0.0,0.0,1.0,192
1,vB,192,end,1,1.0,0.0,0.0,1.0,192
1,vBl,192,end,1,1.0,0.0,0.0,1.0,192
1,mon,192,end,1,0.9479166666666666,0.015625,0.03645833333333337,0.9322916666666666,192
1,probe_v1,192,end,1,0.4166666666666667,0.19270833333333334,0.3906249999999999,0.22395833333333334,192
1,probe_vB,192,end,1,1.0,0.0,0.0,1.0,192
1,reminder,192,end,1,0.59375,0.22916666666666666,0.17708333333333334,0.36458333333333337,192
1,v1,192,end,4,0.6770833333333334,0.171875,0.15104166666666663,0.5052083333333334,192
1,v2,192,end,4,1.0,0.0,0.0,1.0,192
1,vB,192,end,4,1.0,0.0,0.0,1.0,192
1,vBl,192,end,4,1.0,0.0,0.0,1.0,192
1,mon,192,end,4,0.9739583333333334,0.010416666666666666,0.015624999999999964,0.9635416666666667,192
1,probe_v1,192,end,4,0.3958333333333333,0.17708333333333334,0.42708333333333337,0.21874999999999997,192
1,probe_vB,192,end,4,1.0,0.0,0.0,1.0,192
1,reminder,192,end,4,0.5729166666666666,0.19791666666666666,0.2291666666666667,0.375,192
1,reminder_after_last,64,after_last,4,0.609375,0.17708333333333334,0.21354166666666666,0.43229166666666663,192
1,reminder_covered,64,covered,4,0.6666666666666666,0.140625,0.19270833333333337,0.5260416666666666,192
1,reminder_after_last,128,after_last,4,0.6666666666666666,0.16666666666666666,0.1666666666666667,0.5,192
1,reminder_covered,128,covered,4,0.5208333333333334,0.22916666666666666,0.24999999999999997,0.29166666666666674,192
