seed,arm,L,phi,m,g,R,C,n
1,v1,32,0.25,1,0,0.5102040816326531,0.22448979591836735,49
1,v1,32,0.25,1,1,1.0,0.0,46
1,v1,32,0.25,1,2,0.8333333333333334,0.041666666666666664,48
1,v1,32,0.25,1,3,1.0,0.0,49
1,v2,32,0.25,1,0,1.0,0.0,49
1,v2,32,0.25,1,1,1.0,0.0,46
1,v2,32,0.25,1,2,1.0,0.0,48
1,v2,32,0.25,1,3,1.0,0.0,49
1,vB,32,0.25,1,0,1.0,0.0,49
1,vB,32,0.25,1,1,1.0,0.0,46
1,vB,32,0.25,1,2,1.0,0.0,48
1,vB,32,0.25,1,3,1.0,0.0,49
1,vBl,32,0.25,1,0,1.0,0.0,49
1,vBl,32,0.25,1,1,1.0,0.0,46
1,vBl,32,0.25,1,2,1.0,0.0,48
1,vBl,32,0.25,1,3,1.0,0.0,49
1,v1c,32,0.25,1,0,0.4489795918367347,0.2857142857142857,49
1,v1c,32,0.25,1,1,1.0,0.0,46
1,v1c,32,0.25,1,2,0.625,0.1875,48
1,v1c,32,0.25,1,3,1.0,0.0,49
1,mon,32,0.25,1,0,0.9387755102040817,0.02040816326530612,49
1,mon,32,0.25,1,1,1.0,0.0,46
1,mon,32,0.25,1,2,0.875,0.020833333333333332,48
1,mon,32,0.25,1,3,1.0,0.0,49
1,mon_c,32,0.25,1,0,0.8571428571428571,0.04081632653061224,49
1,mon_c,32,0.25,1,1,1.0,0.0,46
1,mon_c,32,0.25,1,2,0.75,0.10416666666666667,48
1,mon_c,32,0.25,1,3,1.0,0.0,49
1,v1,32,0.25,4,0,0.5,0.30952380952380953,42
1,v1,32,0.25,4,1,1.0,0.0,56
1,v1,32,0.25,4,2,0.6,0.175,40
1,v1,32,0.25,4,3,1.0,0.0,54
1,v2,32,0.25,4,0,1.0,0.0,42
1,v2,32,0.25,4,1,1.0,0.0,56
1,v2,32,0.25,4,2,1.0,0.0,40
1,v2,32,0.25,4,3,1.0,0.0,54
1,vB,32,0.25,4,0,1.0,0.0,42
1,vB,32,0.25,4,1,1.0,0.0,56
1,vB,32,0.25,4,2,1.0,0.0,40
1,vB,32,0.25,4,3,1.0,0.0,54
1,vBl,32,0.25,4,0,1.0,0.0,42
1,vBl,32,0.25,4,1,1.0,0.0,56
1,vBl,32,0.25,4,2,1.0,0.0,40
1,vBl,32,0.25,4,3,1.0,0.0,54
1,v1c,32,0.25,4,0,0.5476190476190477,0.38095238095238093,42
1,v1c,32,0.25,4,1,1.0,0.0,56
1,v1c,32,0.25,4,2,0.425,0.325,40
1,v1c,32,0.25,4,3,0.9259259259259259,0.07407407407407407,54
1,mon,32,0.25,4,0,0.8809523809523809,0.11904761904761904,42
1,mon,32,0.25,4,1,1.0,0.0,56
1,mon,32,0.25,4,2,0.925,0.075,40
1,mon,32,0.25,4,3,1.0,0.0,54
1,mon_c,32,0.25,4,0,0.9047619047619048,0.047619047619047616,42
1,mon_c,32,0.25,4,1,1.0,0.0,56
1,mon_c,32,0.25,4,2,0.8,0.075,40
1,mon_c,32,0.25,4,3,1.0,0.0,54
1,v1,32,0.75,1,0,0.5348837209302325,0.2558139534883721,43
1,v1,32,0.75,1,1,0.9787234042553191,0.0,47
1,v1,32,0.75,1,2,0.5111111111111111,0.2,45
1,v1,32,0.75,1,3,1.0,0.0,57
1,v2,32,0.75,1,0,1.0,0.0,43
1,v2,32,0.75,1,1,1.0,0.0,47
1,v2,32,0.75,1,2,1.0,0.0,45
1,v2,32,0.75,1,3,1.0,0.0,57
1,vB,32,0.75,1,0,1.0,0.0,43
1,vB,32,0.75,1,1,1.0,0.0,47
1,vB,32,0.75,1,2,1.0,0.0,45
1,vB,32,0.75,1,3,1.0,0.0,57
1,vBl,32,0.75,1,0,1.0,0.0,43
1,vBl,32,0.75,1,1,1.0,0.0,47
1,vBl,32,0.75,1,2,1.0,0.0,45
1,vBl,32,0.75,1,3,1.0,0.0,57
1,v1c,32,0.75,1,0,0.46511627906976744,0.27906976744186046,43
1,v1c,32,0.75,1,1,1.0,0.0,47
1,v1c,32,0.75,1,2,0.6444444444444445,0.2222222222222222,45
1,v1c,32,0.75,1,3,1.0,0.0,57
1,mon,32,0.75,1,0,0.9534883720930233,0.023255813953488372,43
1,mon,32,0.75,1,1,1.0,0.0,47
1,mon,32,0.75,1,2,0.9555555555555556,0.022222222222222223,45
1,mon,32,0.75,1,3,1.0,0.0,57
1,mon_c,32,0.75,1,0,0.8604651162790697,0.046511627906976744,43
1,mon_c,32,0.75,1,1,1.0,0.0,47
1,mon_c,32,0.75,1,2,0.8888888888888888,0.022222222222222223,45
1,mon_c,32,0.75,1,3,1.0,0.0,57
1,v1,32,0.75,4,0,0.5813953488372093,0.3023255813953488,43
1,v1,32,0.75,4,1,0.9777777777777777,0.0,45
1,v1,32,0.75,4,2,0.48148148148148145,0.24074074074074073,54
1,v1,32,0.75,4,3,0.98,0.02,50
1,v2,32,0.75,4,0,1.0,0.0,43
1,v2,32,0.75,4,1,1.0,0.0,45
1,v2,32,0.75,4,2,1.0,0.0,54
1,v2,32,0.75,4,3,1.0,0.0,50
1,vB,32,0.75,4,0,1.0,0.0,43
1,vB,32,0.75,4,1,1.0,0.0,45
1,vB,32,0.75,4,2,1.0,0.0,54
1,vB,32,0.75,4,3,1.0,0.0,50
1,vBl,32,0.75,4,0,1.0,0.0,43
1,vBl,32,0.75,4,1,1.0,0.0,45
1,vBl,32,0.75,4,2,1.0,0.0,54
1,vBl,32,0.75,4,3,1.0,0.0,50
1,v1c,32,0.75,4,0,0.5348837209302325,0.3488372093023256,43
1,v1c,32,0.75,4,1,1.0,0.0,45
1,v1c,32,0.75,4,2,0.6296296296296297,0.18518518518518517,54
1,v1c,32,0.75,4,3,0.94,0.06,50
1,mon,32,0.75,4,0,0.9069767441860465,0.06976744186046512,43
1,mon,32,0.75,4,1,1.0,0.0,45
1,mon,32,0.75,4,2,0.8333333333333334,0.07407407407407407,54
1,mon,32,0.75,4,3,1.0,0.0,50
1,mon_c,32,0.75,4,0,0.7906976744186046,0.11627906976744186,43
1,mon_c,32,0.75,4,1,1.0,0.0,45
1,mon_c,32,0.75,4,2,0.8703703703703703,0.037037037037037035,54
1,mon_c,32,0.75,4,3,1.0,0.0,50
1,v1,32,end,1,0,0.5909090909090909,0.18181818181818182,44
1,v1,32,end,1,1,1.0,0.0,52
1,v1,32,end,1,2,0.6666666666666666,0.15555555555555556,45
1,v1,32,end,1,3,1.0,0.0,51
1,v2,32,end,1,0,1.0,0.0,44
1,v2,32,end,1,1,1.0,0.0,52
1,v2,32,end,1,2,1.0,0.0,45
1,v2,32,end,1,3,1.0,0.0,51
1,vB,32,end,1,0,1.0,0.0,44
1,vB,32,end,1,1,1.0,0.0,52
1,vB,32,end,1,2,1.0,0.0,45
1,vB,32,end,1,3,1.0,0.0,51
1,vBl,32,end,1,0,1.0,0.0,44
1,vBl,32,end,1,1,1.0,0.0,52
1,vBl,32,end,1,2,1.0,0.0,45
1,vBl,32,end,1,3,1.0,0.0,51
1,v1c,32,end,1,0,0.4318181818181818,0.2727272727272727,44
1,v1c,32,end,1,1,1.0,0.0,52
1,v1c,32,end,1,2,0.6666666666666666,0.2222222222222222,45
1,v1c,32,end,1,3,1.0,0.0,51
1,mon,32,end,1,0,0.9772727272727273,0.0,44
1,mon,32,end,1,1,1.0,0.0,52
1,mon,32,end,1,2,0.8888888888888888,0.044444444444444446,45
1,mon,32,end,1,3,1.0,0.0,51
1,mon_c,32,end,1,0,0.8636363636363636,0.06818181818181818,44
1,mon_c,32,end,1,1,1.0,0.0,52
1,mon_c,32,end,1,2,0.7555555555555555,0.1111111111111111,45
1,mon_c,32,end,1,3,1.0,0.0,51
1,v1,32,end,4,0,0.5714285714285714,0.14285714285714285,42
1,v1,32,end,4,1,1.0,0.0,49
1,v1,32,end,4,2,0.58,0.18,50
1,v1,32,end,4,3,1.0,0.0,51
1,v2,32,end,4,0,1.0,0.0,42
1,v2,32,end,4,1,1.0,0.0,49
1,v2,32,end,4,2,1.0,0.0,50
1,v2,32,end,4,3,1.0,0.0,51
1,vB,32,end,4,0,1.0,0.0,42
1,vB,32,end,4,1,1.0,0.0,49
1,vB,32,end,4,2,1.0,0.0,50
1,vB,32,end,4,3,1.0,0.0,51
1,vBl,32,end,4,0,1.0,0.0,42
1,vBl,32,end,4,1,1.0,0.0,49
1,vBl,32,end,4,2,1.0,0.0,50
1,vBl,32,end,4,3,1.0,0.0,51
1,v1c,32,end,4,0,0.47619047619047616,0.23809523809523808,42
1,v1c,32,end,4,1,1.0,0.0,49
1,v1c,32,end,4,2,0.68,0.1,50
1,v1c,32,end,4,3,0.9607843137254902,0.0392156862745098,51
1,mon,32,end,4,0,0.9285714285714286,0.047619047619047616,42
1,mon,32,end,4,1,1.0,0.0,49
1,mon,32,end,4,2,0.86,0.06,50
1,mon,32,end,4,3,1.0,0.0,51
1,mon_c,32,end,4,0,0.8095238095238095,0.07142857142857142,42
1,mon_c,32,end,4,1,1.0,0.0,49
1,mon_c,32,end,4,2,0.78,0.06,50
1,mon_c,32,end,4,3,1.0,0.0,51
1,v1,64,0.25,1,0,0.5490196078431373,0.2549019607843137,51
1,v1,64,0.25,1,1,0.9772727272727273,0.0,44
1,v1,64,0.25,1,2,0.6792452830188679,0.16981132075471697,53
1,v1,64,0.25,1,3,1.0,0.0,44
1,v2,64,0.25,1,0,1.0,0.0,51
1,v2,64,0.25,1,1,1.0,0.0,44
1,v2,64,0.25,1,2,1.0,0.0,53
1,v2,64,0.25,1,3,1.0,0.0,44
1,vB,64,0.25,1,0,1.0,0.0,51
1,vB,64,0.25,1,1,1.0,0.0,44
1,vB,64,0.25,1,2,1.0,0.0,53
1,vB,64,0.25,1,3,1.0,0.0,44
1,vBl,64,0.25,1,0,1.0,0.0,51
1,vBl,64,0.25,1,1,1.0,0.0,44
1,vBl,64,0.25,1,2,1.0,0.0,53
1,vBl,64,0.25,1,3,1.0,0.0,44
1,v1c,64,0.25,1,0,0.5490196078431373,0.19607843137254902,51
1,v1c,64,0.25,1,1,0.8863636363636364,0.045454545454545456,44
1,v1c,64,0.25,1,2,0.49056603773584906,0.24528301886792453,53
1,v1c,64,0.25,1,3,0.6136363636363636,0.2727272727272727,44
1,mon,64,0.25,1,0,0.9803921568627451,0.0,51
1,mon,64,0.25,1,1,0.9772727272727273,0.0,44
1,mon,64,0.25,1,2,0.9622641509433962,0.018867924528301886,53
1,mon,64,0.25,1,3,1.0,0.0,44
1,mon_c,64,0.25,1,0,0.8431372549019608,0.0392156862745098,51
1,mon_c,64,0.25,1,1,1.0,0.0,44
1,mon_c,64,0.25,1,2,0.8301886792452831,0.03773584905660377,53
1,mon_c,64,0.25,1,3,0.9772727272727273,0.022727272727272728,44
1,v1,64,0.25,4,0,0.5925925925925926,0.25925925925925924,54
1,v1,64,0.25,4,1,0.9565217391304348,0.043478260869565216,46
1,v1,64,0.25,4,2,0.4897959183673469,0.30612244897959184,49
1,v1,64,0.25,4,3,0.9302325581395349,0.06976744186046512,43
1,v2,64,0.25,4,0,1.0,0.0,54
1,v2,64,0.25,4,1,1.0,0.0,46
1,v2,64,0.25,4,2,1.0,0.0,49
1,v2,64,0.25,4,3,1.0,0.0,43
1,vB,64,0.25,4,0,1.0,0.0,54
1,vB,64,0.25,4,1,1.0,0.0,46
1,vB,64,0.25,4,2,1.0,0.0,49
1,vB,64,0.25,4,3,1.0,0.0,43
1,vBl,64,0.25,4,0,1.0,0.0,54
1,vBl,64,0.25,4,1,1.0,0.0,46
1,vBl,64,0.25,4,2,1.0,0.0,49
1,vBl,64,0.25,4,3,1.0,0.0,43
1,v1c,64,0.25,4,0,0.5,0.25925925925925924,54
1,v1c,64,0.25,4,1,0.8913043478260869,0.043478260869565216,46
1,v1c,64,0.25,4,2,0.5714285714285714,0.1836734693877551,49
1,v1c,64,0.25,4,3,0.6976744186046512,0.16279069767441862,43
1,mon,64,0.25,4,0,0.9814814814814815,0.018518518518518517,54
1,mon,64,0.25,4,1,1.0,0.0,46
1,mon,64,0.25,4,2,0.9591836734693877,0.04081632653061224,49
1,mon,64,0.25,4,3,1.0,0.0,43
1,mon_c,64,0.25,4,0,0.8888888888888888,0.05555555555555555,54
1,mon_c,64,0.25,4,1,0.9782608695652174,0.0,46
1,mon_c,64,0.25,4,2,0.8367346938775511,0.061224489795918366,49
1,mon_c,64,0.25,4,3,1.0,0.0,43
1,v1,64,0.75,1,0,0.5918367346938775,0.2857142857142857,49
1,v1,64,0.75,1,1,1.0,0.0,44
1,v1,64,0.75,1,2,0.5925925925925926,0.25925925925925924,54
1,v1,64,0.75,1,3,1.0,0.0,45
1,v2,64,0.75,1,0,1.0,0.0,49
1,v2,64,0.75,1,1,1.0,0.0,44
1,v2,64,0.75,1,2,1.0,0.0,54
1,v2,64,0.75,1,3,1.0,0.0,45
1,vB,64,0.75,1,0,1.0,0.0,49
1,vB,64,0.75,1,1,1.0,0.0,44
1,vB,64,0.75,1,2,1.0,0.0,54
1,vB,64,0.75,1,3,1.0,0.0,45
1,vBl,64,0.75,1,0,1.0,0.0,49
1,vBl,64,0.75,1,1,1.0,0.0,44
1,vBl,64,0.75,1,2,1.0,0.0,54
1,vBl,64,0.75,1,3,1.0,0.0,45
1,v1c,64,0.75,1,0,0.5510204081632653,0.16326530612244897,49
1,v1c,64,0.75,1,1,0.9318181818181818,0.0,44
1,v1c,64,0.75,1,2,0.5740740740740741,0.24074074074074073,54
1,v1c,64,0.75,1,3,0.7777777777777778,0.1111111111111111,45
1,mon,64,0.75,1,0,1.0,0.0,49
1,mon,64,0.75,1,1,1.0,0.0,44
1,mon,64,0.75,1,2,0.9814814814814815,0.018518518518518517,54
1,mon,64,0.75,1,3,1.0,0.0,45
1,mon_c,64,0.75,1,0,0.8775510204081632,0.08163265306122448,49
1,mon_c,64,0.75,1,1,1.0,0.0,44
1,mon_c,64,0.75,1,2,0.8148148148148148,0.07407407407407407,54
1,mon_c,64,0.75,1,3,1.0,0.0,45
1,v1,64,0.75,4,0,0.4888888888888889,0.24444444444444444,45
1,v1,64,0.75,4,1,0.9655172413793104,0.017241379310344827,58
1,v1,64,0.75,4,2,0.5454545454545454,0.1590909090909091,44
1,v1,64,0.75,4,3,0.9777777777777777,0.022222222222222223,45
1,v2,64,0.75,4,0,1.0,0.0,45
1,v2,64,0.75,4,1,1.0,0.0,58
1,v2,64,0.75,4,2,1.0,0.0,44
1,v2,64,0.75,4,3,1.0,0.0,45
1,vB,64,0.75,4,0,1.0,0.0,45
1,vB,64,0.75,4,1,1.0,0.0,58
1,vB,64,0.75,4,2,1.0,0.0,44
1,vB,64,0.75,4,3,1.0,0.0,45
1,vBl,64,0.75,4,0,1.0,0.0,45
1,vBl,64,0.75,4,1,1.0,0.0,58
1,vBl,64,0.75,4,2,1.0,0.0,44
1,vBl,64,0.75,4,3,1.0,0.0,45
1,v1c,64,0.75,4,0,0.5111111111111111,0.26666666666666666,45
1,v1c,64,0.75,4,1,0.8448275862068966,0.06896551724137931,58
1,v1c,64,0.75,4,2,0.6363636363636364,0.13636363636363635,44
1,v1c,64,0.75,4,3,0.7555555555555555,0.13333333333333333,45
1,mon,64,0.75,4,0,1.0,0.0,45
1,mon,64,0.75,4,1,0.9482758620689655,0.0,58
1,mon,64,0.75,4,2,0.9090909090909091,0.045454545454545456,44
1,mon,64,0.75,4,3,1.0,0.0,45
1,mon_c,64,0.75,4,0,0.8222222222222222,0.08888888888888889,45
1,mon_c,64,0.75,4,1,1.0,0.0,58
1,mon_c,64,0.75,4,2,0.8636363636363636,0.06818181818181818,44
1,mon_c,64,0.75,4,3,1.0,0.0,45
1,v1,64,end,1,0,0.46938775510204084,0.22448979591836735,49
1,v1,64,end,1,1,1.0,0.0,54
1,v1,64,end,1,2,0.6136363636363636,0.06818181818181818,44
1,v1,64,end,1,3,0.9777777777777777,0.022222222222222223,45
1,v2,64,end,1,0,1.0,0.0,49
1,v2,64,end,1,1,1.0,0.0,54
1,v2,64,end,1,2,1.0,0.0,44
1,v2,64,end,1,3,1.0,0.0,45
1,vB,64,end,1,0,1.0,0.0,49
1,vB,64,end,1,1,1.0,0.0,54
1,vB,64,end,1,2,1.0,0.0,44
1,vB,64,end,1,3,1.0,0.0,45
1,vBl,64,end,1,0,1.0,0.0,49
1,vBl,64,end,1,1,1.0,0.0,54
1,vBl,64,end,1,2,1.0,0.0,44
1,vBl,64,end,1,3,1.0,0.0,45
1,v1c,64,end,1,0,0.6530612244897959,0.22448979591836735,49
1,v1c,64,end,1,1,0.9074074074074074,0.07407407407407407,54
1,v1c,64,end,1,2,0.7045454545454546,0.09090909090909091,44
1,v1c,64,end,1,3,0.7555555555555555,0.13333333333333333,45
1,mon,64,end,1,0,0.9795918367346939,0.0,49
1,mon,64,end,1,1,1.0,0.0,54
1,mon,64,end,1,2,0.9545454545454546,0.022727272727272728,44
1,mon,64,end,1,3,1.0,0.0,45
1,mon_c,64,end,1,0,0.8775510204081632,0.061224489795918366,49
1,mon_c,64,end,1,1,1.0,0.0,54
1,mon_c,64,end,1,2,0.8181818181818182,0.022727272727272728,44
1,mon_c,64,end,1,3,1.0,0.0,45
1,v1,64,end,4,0,0.5409836065573771,0.21311475409836064,61
1,v1,64,end,4,1,0.9333333333333333,0.0,45
1,v1,64,end,4,2,0.6222222222222222,0.2,45
1,v1,64,end,4,3,1.0,0.0,41
1,v2,64,end,4,0,1.0,0.0,61
1,v2,64,end,4,1,1.0,0.0,45
1,v2,64,end,4,2,1.0,0.0,45
1,v2,64,end,4,3,1.0,0.0,41
1,vB,64,end,4,0,1.0,0.0,61
1,vB,64,end,4,1,1.0,0.0,45
1,vB,64,end,4,2,1.0,0.0,45
1,vB,64,end,4,3,1.0,0.0,41
1,vBl,64,end,4,0,1.0,0.0,61
1,vBl,64,end,4,1,1.0,0.0,45
1,vBl,64,end,4,2,1.0,0.0,45
1,vBl,64,end,4,3,1.0,0.0,41
1,v1c,64,end,4,0,0.6229508196721312,0.14754098360655737,61
1,v1c,64,end,4,1,0.8666666666666667,0.08888888888888889,45
1,v1c,64,end,4,2,0.5333333333333333,0.28888888888888886,45
1,v1c,64,end,4,3,0.7560975609756098,0.17073170731707318,41
1,mon,64,end,4,0,0.9508196721311475,0.01639344262295082,61
1,mon,64,end,4,1,0.9777777777777777,0.0,45
1,mon,64,end,4,2,0.9333333333333333,0.06666666666666667,45
1,mon,64,end,4,3,1.0,0.0,41
1,mon_c,64,end,4,0,0.9016393442622951,0.03278688524590164,61
1,mon_c,64,end,4,1,0.9777777777777777,0.0,45
1,mon_c,64,end,4,2,0.8444444444444444,0.06666666666666667,45
1,mon_c,64,end,4,3,1.0,0.0,41
1,v1,128,0.25,1,0,0.6923076923076923,0.17307692307692307,52
1,v1,128,0.25,1,1,1.0,0.0,52
1,v1,128,0.25,1,2,0.53125,0.25,32
1,v1,128,0.25,1,3,0.9821428571428571,0.0,56
1,v2,128,0.25,1,0,1.0,0.0,52
1,v2,128,0.25,1,1,1.0,0.0,52
1,v2,128,0.25,1,2,1.0,0.0,32
1,v2,128,0.25,1,3,1.0,0.0,56
1,vB,128,0.25,1,0,1.0,0.0,52
1,vB,128,0.25,1,1,1.0,0.0,52
1,vB,128,0.25,1,2,1.0,0.0,32
1,vB,128,0.25,1,3,1.0,0.0,56
1,vBl,128,0.25,1,0,1.0,0.0,52
1,vBl,128,0.25,1,1,1.0,0.0,52
1,vBl,128,0.25,1,2,1.0,0.0,32
1,vBl,128,0.25,1,3,1.0,0.0,56
1,v1c,128,0.25,1,0,0.5,0.21153846153846154,52
1,v1c,128,0.25,1,1,1.0,0.0,52
1,v1c,128,0.25,1,2,0.59375,0.28125,32
1,v1c,128,0.25,1,3,1.0,0.0,56
1,mon,128,0.25,1,0,1.0,0.0,52
1,mon,128,0.25,1,1,1.0,0.0,52
1,mon,128,0.25,1,2,1.0,0.0,32
1,mon,128,0.25,1,3,1.0,0.0,56
1,mon_c,128,0.25,1,0,0.8846153846153846,0.057692307692307696,52
1,mon_c,128,0.25,1,1,1.0,0.0,52
1,mon_c,128,0.25,1,2,0.9375,0.0,32
1,mon_c,128,0.25,1,3,1.0,0.0,56
1,v1,128,0.25,4,0,0.5106382978723404,0.2978723404255319,47
1,v1,128,0.25,4,1,0.9615384615384616,0.019230769230769232,52
1,v1,128,0.25,4,2,0.5208333333333334,0.3333333333333333,48
1,v1,128,0.25,4,3,1.0,0.0,45
1,v2,128,0.25,4,0,1.0,0.0,47
1,v2,128,0.25,4,1,1.0,0.0,52
1,v2,128,0.25,4,2,1.0,0.0,48
1,v2,128,0.25,4,3,1.0,0.0,45
1,vB,128,0.25,4,0,1.0,0.0,47
1,vB,128,0.25,4,1,1.0,0.0,52
1,vB,128,0.25,4,2,1.0,0.0,48
1,vB,128,0.25,4,3,1.0,0.0,45
1,vBl,128,0.25,4,0,1.0,0.0,47
1,vBl,128,0.25,4,1,1.0,0.0,52
1,vBl,128,0.25,4,2,1.0,0.0,48
1,vBl,128,0.25,4,3,1.0,0.0,45
1,v1c,128,0.25,4,0,0.3617021276595745,0.3829787234042553,47
1,v1c,128,0.25,4,1,1.0,0.0,52
1,v1c,128,0.25,4,2,0.5833333333333334,0.2916666666666667,48
1,v1c,128,0.25,4,3,0.9777777777777777,0.0,45
1,mon,128,0.25,4,0,1.0,0.0,47
1,mon,128,0.25,4,1,1.0,0.0,52
1,mon,128,0.25,4,2,1.0,0.0,48
1,mon,128,0.25,4,3,1.0,0.0,45
1,mon_c,128,0.25,4,0,0.851063829787234,0.14893617021276595,47
1,mon_c,128,0.25,4,1,1.0,0.0,52
1,mon_c,128,0.25,4,2,0.875,0.020833333333333332,48
1,mon_c,128,0.25,4,3,1.0,0.0,45
1,v1,128,0.75,1,0,0.5,0.125,40
1,v1,128,0.75,1,1,1.0,0.0,48
1,v1,128,0.75,1,2,0.6744186046511628,0.11627906976744186,43
1,v1,128,0.75,1,3,0.9508196721311475,0.01639344262295082,61
1,v2,128,0.75,1,0,1.0,0.0,40
1,v2,128,0.75,1,1,1.0,0.0,48
1,v2,128,0.75,1,2,1.0,0.0,43
1,v2,128,0.75,1,3,1.0,0.0,61
1,vB,128,0.75,1,0,1.0,0.0,40
1,vB,128,0.75,1,1,1.0,0.0,48
1,vB,128,0.75,1,2,1.0,0.0,43
1,vB,128,0.75,1,3,1.0,0.0,61
1,vBl,128,0.75,1,0,1.0,0.0,40
1,vBl,128,0.75,1,1,1.0,0.0,48
1,vBl,128,0.75,1,2,1.0,0.0,43
1,vBl,128,0.75,1,3,1.0,0.0,61
1,v1c,128,0.75,1,0,0.4,0.25,40
1,v1c,128,0.75,1,1,1.0,0.0,48
1,v1c,128,0.75,1,2,0.5581395348837209,0.3023255813953488,43
1,v1c,128,0.75,1,3,1.0,0.0,61
1,mon,128,0.75,1,0,1.0,0.0,40
1,mon,128,0.75,1,1,1.0,0.0,48
1,mon,128,0.75,1,2,1.0,0.0,43
1,mon,128,0.75,1,3,1.0,0.0,61
1,mon_c,128,0.75,1,0,0.75,0.075,40
1,mon_c,128,0.75,1,1,1.0,0.0,48
1,mon_c,128,0.75,1,2,0.9069767441860465,0.023255813953488372,43
1,mon_c,128,0.75,1,3,1.0,0.0,61
1,v1,128,0.75,4,0,0.5319148936170213,0.3191489361702128,47
1,v1,128,0.75,4,1,1.0,0.0,53
1,v1,128,0.75,4,2,0.6304347826086957,0.1956521739130435,46
1,v1,128,0.75,4,3,1.0,0.0,46
1,v2,128,0.75,4,0,1.0,0.0,47
1,v2,128,0.75,4,1,1.0,0.0,53
1,v2,128,0.75,4,2,1.0,0.0,46
1,v2,128,0.75,4,3,1.0,0.0,46
1,vB,128,0.75,4,0,1.0,0.0,47
1,vB,128,0.75,4,1,1.0,0.0,53
1,vB,128,0.75,4,2,1.0,0.0,46
1,vB,128,0.75,4,3,1.0,0.0,46
1,vBl,128,0.75,4,0,1.0,0.0,47
1,vBl,128,0.75,4,1,1.0,0.0,53
1,vBl,128,0.75,4,2,1.0,0.0,46
1,vBl,128,0.75,4,3,1.0,0.0,46
1,v1c,128,0.75,4,0,0.48936170212765956,0.2978723404255319,47
1,v1c,128,0.75,4,1,1.0,0.0,53
1,v1c,128,0.75,4,2,0.6086956521739131,0.21739130434782608,46
1,v1c,128,0.75,4,3,1.0,0.0,46
1,mon,128,0.75,4,0,1.0,0.0,47
1,mon,128,0.75,4,1,1.0,0.0,53
1,mon,128,0.75,4,2,1.0,0.0,46
1,mon,128,0.75,4,3,1.0,0.0,46
1,mon_c,128,0.75,4,0,0.9148936170212766,0.06382978723404255,47
1,mon_c,128,0.75,4,1,1.0,0.0,53
1,mon_c,128,0.75,4,2,0.9347826086956522,0.021739130434782608,46
1,mon_c,128,0.75,4,3,1.0,0.0,46
1,v1,128,end,1,0,0.5510204081632653,0.20408163265306123,49
1,v1,128,end,1,1,1.0,0.0,53
1,v1,128,end,1,2,0.52,0.32,50
1,v1,128,end,1,3,0.975,0.0,40
1,v2,128,end,1,0,1.0,0.0,49
1,v2,128,end,1,1,1.0,0.0,53
1,v2,128,end,1,2,1.0,0.0,50
1,v2,128,end,1,3,1.0,0.0,40
1,vB,128,end,1,0,1.0,0.0,49
1,vB,128,end,1,1,1.0,0.0,53
1,vB,128,end,1,2,1.0,0.0,50
1,vB,128,end,1,3,1.0,0.0,40
1,vBl,128,end,1,0,1.0,0.0,49
1,vBl,128,end,1,1,1.0,0.0,53
1,vBl,128,end,1,2,1.0,0.0,50
1,vBl,128,end,1,3,1.0,0.0,40
1,v1c,128,end,1,0,0.4489795918367347,0.22448979591836735,49
1,v1c,128,end,1,1,1.0,0.0,53
1,v1c,128,end,1,2,0.72,0.16,50
1,v1c,128,end,1,3,0.975,0.0,40
1,mon,128,end,1,0,1.0,0.0,49
1,mon,128,end,1,1,1.0,0.0,53
1,mon,128,end,1,2,1.0,0.0,50
1,mon,128,end,1,3,1.0,0.0,40
1,mon_c,128,end,1,0,0.8163265306122449,0.10204081632653061,49
1,mon_c,128,end,1,1,1.0,0.0,53
1,mon_c,128,end,1,2,0.9,0.0,50
1,mon_c,128,end,1,3,1.0,0.0,40
1,v1,128,end,4,0,0.4888888888888889,0.3111111111111111,45
1,v1,128,end,4,1,1.0,0.0,50
1,v1,128,end,4,2,0.6111111111111112,0.24074074074074073,54
1,v1,128,end,4,3,0.9302325581395349,0.06976744186046512,43
1,v2,128,end,4,0,1.0,0.0,45
1,v2,128,end,4,1,1.0,0.0,50
1,v2,128,end,4,2,1.0,0.0,54
1,v2,128,end,4,3,1.0,0.0,43
1,vB,128,end,4,0,1.0,0.0,45
1,vB,128,end,4,1,1.0,0.0,50
1,vB,128,end,4,2,1.0,0.0,54
1,vB,128,end,4,3,1.0,0.0,43
1,vBl,128,end,4,0,1.0,0.0,45
1,vBl,128,end,4,1,1.0,0.0,50
1,vBl,128,end,4,2,1.0,0.0,54
1,vBl,128,end,4,3,1.0,0.0,43
1,v1c,128,end,4,0,0.3333333333333333,0.3333333333333333,45
1,v1c,128,end,4,1,1.0,0.0,50
1,v1c,128,end,4,2,0.7037037037037037,0.24074074074074073,54
1,v1c,128,end,4,3,0.9767441860465116,0.0,43
1,mon,128,end,4,0,1.0,0.0,45
1,mon,128,end,4,1,1.0,0.0,50
1,mon,128,end,4,2,0.9814814814814815,0.018518518518518517,54
1,mon,128,end,4,3,0.9767441860465116,0.023255813953488372,43
1,mon_c,128,end,4,0,0.9111111111111111,0.0,45
1,mon_c,128,end,4,1,1.0,0.0,50
1,mon_c,128,end,4,2,0.9259259259259259,0.018518518518518517,54
1,mon_c,128,end,4,3,1.0,0.0,43
1,v1,192,0.25,1,0,0.6511627906976745,0.18604651162790697,43
1,v1,192,0.25,1,1,0.9642857142857143,0.0,56
1,v1,192,0.25,1,2,0.6041666666666666,0.22916666666666666,48
1,v1,192,0.25,1,3,1.0,0.0,45
1,v2,192,0.25,1,0,1.0,0.0,43
1,v2,192,0.25,1,1,1.0,0.0,56
1,v2,192,0.25,1,2,1.0,0.0,48
1,v2,192,0.25,1,3,1.0,0.0,45
1,vB,192,0.25,1,0,1.0,0.0,43
1,vB,192,0.25,1,1,1.0,0.0,56
1,vB,192,0.25,1,2,1.0,0.0,48
1,vB,192,0.25,1,3,1.0,0.0,45
1,vBl,192,0.25,1,0,1.0,0.0,43
1,vBl,192,0.25,1,1,1.0,0.0,56
1,vBl,192,0.25,1,2,1.0,0.0,48
1,vBl,192,0.25,1,3,1.0,0.0,45
1,v1c,192,0.25,1,0,0.627906976744186,0.20930232558139536,43
1,v1c,192,0.25,1,1,0.9821428571428571,0.017857142857142856,56
1,v1c,192,0.25,1,2,0.6041666666666666,0.2708333333333333,48
1,v1c,192,0.25,1,3,1.0,0.0,45
1,mon,192,0.25,1,0,0.9302325581395349,0.0,43
1,mon,192,0.25,1,1,1.0,0.0,56
1,mon,192,0.25,1,2,0.9791666666666666,0.0,48
1,mon,192,0.25,1,3,1.0,0.0,45
1,mon_c,192,0.25,1,0,0.9069767441860465,0.0,43
1,mon_c,192,0.25,1,1,1.0,0.0,56
1,mon_c,192,0.25,1,2,0.875,0.0625,48
1,mon_c,192,0.25,1,3,1.0,0.0,45
1,v1,192,0.25,4,0,0.625,0.1875,48
1,v1,192,0.25,4,1,0.8717948717948718,0.0,39
1,v1,192,0.25,4,2,0.6296296296296297,0.2222222222222222,54
1,v1,192,0.25,4,3,0.9803921568627451,0.0196078431372549,51
1,v2,192,0.25,4,0,1.0,0.0,48
1,v2,192,0.25,4,1,1.0,0.0,39
1,v2,192,0.25,4,2,1.0,0.0,54
1,v2,192,0.25,4,3,1.0,0.0,51
1,vB,192,0.25,4,0,1.0,0.0,48
1,vB,192,0.25,4,1,1.0,0.0,39
1,vB,192,0.25,4,2,1.0,0.0,54
1,vB,192,0.25,4,3,1.0,0.0,51
1,vBl,192,0.25,4,0,1.0,0.0,48
1,vBl,192,0.25,4,1,1.0,0.0,39
1,vBl,192,0.25,4,2,1.0,0.0,54
1,vBl,192,0.25,4,3,1.0,0.0,51
1,v1c,192,0.25,4,0,0.4166666666666667,0.25,48
1,v1c,192,0.25,4,1,1.0,0.0,39
1,v1c,192,0.25,4,2,0.5740740740740741,0.35185185185185186,54
1,v1c,192,0.25,4,3,1.0,0.0,51
1,mon,192,0.25,4,0,0.9375,0.020833333333333332,48
1,mon,192,0.25,4,1,1.0,0.0,39
1,mon,192,0.25,4,2,0.9814814814814815,0.0,54
1,mon,192,0.25,4,3,1.0,0.0,51
1,mon_c,192,0.25,4,0,0.8125,0.0625,48
1,mon_c,192,0.25,4,1,1.0,0.0,39
1,mon_c,192,0.25,4,2,0.8703703703703703,0.018518518518518517,54
1,mon_c,192,0.25,4,3,1.0,0.0,51
1,v1,192,0.75,1,0,0.6122448979591837,0.20408163265306123,49
1,v1,192,0.75,1,1,0.9433962264150944,0.0,53
1,v1,192,0.75,1,2,0.5217391304347826,0.2826086956521739,46
1,v1,192,0.75,1,3,1.0,0.0,44
1,v2,192,0.75,1,0,1.0,0.0,49
1,v2,192,0.75,1,1,1.0,0.0,53
1,v2,192,0.75,1,2,1.0,0.0,46
1,v2,192,0.75,1,3,1.0,0.0,44
1,vB,192,0.75,1,0,1.0,0.0,49
1,vB,192,0.75,1,1,1.0,0.0,53
1,vB,192,0.75,1,2,1.0,0.0,46
1,vB,192,0.75,1,3,1.0,0.0,44
1,vBl,192,0.75,1,0,1.0,0.0,49
1,vBl,192,0.75,1,1,1.0,0.0,53
1,vBl,192,0.75,1,2,1.0,0.0,46
1,vBl,192,0.75,1,3,1.0,0.0,44
1,v1c,192,0.75,1,0,0.42857142857142855,0.2857142857142857,49
1,v1c,192,0.75,1,1,0.9811320754716981,0.0,53
1,v1c,192,0.75,1,2,0.5869565217391305,0.2826086956521739,46
1,v1c,192,0.75,1,3,1.0,0.0,44
1,mon,192,0.75,1,0,0.8367346938775511,0.04081632653061224,49
1,mon,192,0.75,1,1,1.0,0.0,53
1,mon,192,0.75,1,2,0.9782608695652174,0.021739130434782608,46
1,mon,192,0.75,1,3,1.0,0.0,44
1,mon_c,192,0.75,1,0,0.8163265306122449,0.04081632653061224,49
1,mon_c,192,0.75,1,1,1.0,0.0,53
1,mon_c,192,0.75,1,2,0.9130434782608695,0.021739130434782608,46
1,mon_c,192,0.75,1,3,1.0,0.0,44
1,v1,192,0.75,4,0,0.5666666666666667,0.35,60
1,v1,192,0.75,4,1,0.9142857142857143,0.0,35
1,v1,192,0.75,4,2,0.6086956521739131,0.15217391304347827,46
1,v1,192,0.75,4,3,1.0,0.0,51
1,v2,192,0.75,4,0,1.0,0.0,60
1,v2,192,0.75,4,1,1.0,0.0,35
1,v2,192,0.75,4,2,1.0,0.0,46
1,v2,192,0.75,4,3,1.0,0.0,51
1,vB,192,0.75,4,0,1.0,0.0,60
1,vB,192,0.75,4,1,1.0,0.0,35
1,vB,192,0.75,4,2,1.0,0.0,46
1,vB,192,0.75,4,3,1.0,0.0,51
1,vBl,192,0.75,4,0,1.0,0.0,60
1,vBl,192,0.75,4,1,1.0,0.0,35
1,vBl,192,0.75,4,2,1.0,0.0,46
1,vBl,192,0.75,4,3,1.0,0.0,51
1,v1c,192,0.75,4,0,0.48333333333333334,0.3,60
1,v1c,192,0.75,4,1,0.9714285714285714,0.0,35
1,v1c,192,0.75,4,2,0.8260869565217391,0.13043478260869565,46
1,v1c,192,0.75,4,3,1.0,0.0,51
1,mon,192,0.75,4,0,0.9333333333333333,0.016666666666666666,60
1,mon,192,0.75,4,1,1.0,0.0,35
1,mon,192,0.75,4,2,0.9565217391304348,0.0,46
1,mon,192,0.75,4,3,1.0,0.0,51
1,mon_c,192,0.75,4,0,0.9166666666666666,0.016666666666666666,60
1,mon_c,192,0.75,4,1,1.0,0.0,35
1,mon_c,192,0.75,4,2,0.8043478260869565,0.043478260869565216,46
1,mon_c,192,0.75,4,3,1.0,0.0,51
1,v1,192,end,1,0,0.6511627906976745,0.18604651162790697,43
1,v1,192,end,1,1,0.9642857142857143,0.0,56
1,v1,192,end,1,2,0.6041666666666666,0.22916666666666666,48
1,v1,192,end,1,3,1.0,0.0,45
1,v2,192,end,1,0,1.0,0.0,43
1,v2,192,end,1,1,1.0,0.0,56
1,v2,192,end,1,2,1.0,0.0,48
1,v2,192,end,1,3,1.0,0.0,45
1,vB,192,end,1,0,1.0,0.0,43
1,vB,192,end,1,1,1.0,0.0,56
1,vB,192,end,1,2,1.0,0.0,48
1,vB,192,end,1,3,1.0,0.0,45
1,vBl,192,end,1,0,1.0,0.0,43
1,vBl,192,end,1,1,1.0,0.0,56
1,vBl,192,end,1,2,1.0,0.0,48
1,vBl,192,end,1,3,1.0,0.0,45
1,v1c,192,end,1,0,0.5813953488372093,0.20930232558139536,43
1,v1c,192,end,1,1,1.0,0.0,56
1,v1c,192,end,1,2,0.6041666666666666,0.2708333333333333,48
1,v1c,192,end,1,3,1.0,0.0,45
1,mon,192,end,1,0,0.9302325581395349,0.0,43
1,mon,192,end,1,1,1.0,0.0,56
1,mon,192,end,1,2,0.9791666666666666,0.0,48
1,mon,192,end,1,3,1.0,0.0,45
1,mon_c,192,end,1,0,0.9069767441860465,0.0,43
1,mon_c,192,end,1,1,1.0,0.0,56
1,mon_c,192,end,1,2,0.875,0.0625,48
1,mon_c,192,end,1,3,1.0,0.0,45
1,v1,192,end,4,0,0.625,0.1875,48
1,v1,192,end,4,1,0.8461538461538461,0.0,39
1,v1,192,end,4,2,0.6296296296296297,0.2222222222222222,54
1,v1,192,end,4,3,0.9803921568627451,0.0,51
1,v2,192,end,4,0,1.0,0.0,48
1,v2,192,end,4,1,1.0,0.0,39
1,v2,192,end,4,2,1.0,0.0,54
1,v2,192,end,4,3,1.0,0.0,51
1,vB,192,end,4,0,1.0,0.0,48
1,vB,192,end,4,1,1.0,0.0,39
1,vB,192,end,4,2,1.0,0.0,54
1,vB,192,end,4,3,1.0,0.0,51
1,vBl,192,end,4,0,1.0,0.0,48
1,vBl,192,end,4,1,1.0,0.0,39
1,vBl,192,end,4,2,1.0,0.0,54
1,vBl,192,end,4,3,1.0,0.0,51
1,v1c,192,end,4,0,0.4375,0.25,48
1,v1c,192,end,4,1,1.0,0.0,39
1,v1c,192,end,4,2,0.6111111111111112,0.3148148148148148,54
1,v1c,192,end,4,3,1.0,0.0,51
1,mon,192,end,4,0,0.9166666666666666,0.020833333333333332,48
1,mon,192,end,4,1,1.0,0.0,39
1,mon,192,end,4,2,0.9814814814814815,0.018518518518518517,54
1,mon,192,end,4,3,1.0,0.0,51
1,mon_c,192,end,4,0,0.8125,0.0625,48
1,mon_c,192,end,4,1,1.0,0.0,39
1,mon_c,192,end,4,2,0.8703703703703703,0.018518518518518517,54
1,mon_c,192,end,4,3,1.0,0.0,51
