seed,L,v1,v1_reminder,v1_monitor,v2_anchor,vB,vB_latch,probe_v1,probe_vB,v1c,v1c_monitor,probe_v1c,chance
1,0,0.8072916666666666,0.8177083333333334,0.9479166666666666,1.0,1.0,1.0,0.703125,1.0,0.796875,0.9583333333333334,0.6822916666666666,0.125
1,16,0.8177083333333334,0.8072916666666666,0.96875,1.0,1.0,1.0,0.703125,1.0,0.765625,0.9635416666666666,0.6822916666666666,0.125
1,32,0.8072916666666666,0.7916666666666666,0.9583333333333334,1.0,1.0,1.0,0.6770833333333334,1.0,0.828125,0.921875,0.65625,0.125
1,64,0.7864583333333334,0.8697916666666666,0.984375,1.0,1.0,1.0,0.6927083333333334,1.0,0.734375,0.9427083333333334,0.6666666666666666,0.125
1,96,0.7291666666666666,0.8125,0.953125,1.0,1.0,1.0,0.6666666666666666,1.0,0.7760416666666666,0.9322916666666666,0.640625,0.125
1,128,0.8020833333333334,0.7864583333333334,1.0,1.0,1.0,1.0,0.6875,1.0,0.828125,0.953125,0.59375,0.125
1,192,0.7864583333333334,0.8177083333333334,0.9947916666666666,1.0,1.0,1.0,0.7239583333333334,1.0,0.8229166666666666,0.9375,0.640625,0.125
1,224,0.7916666666666666,0.8489583333333334,0.9322916666666666,1.0,1.0,1.0,0.65625,1.0,0.78125,0.9375,0.7239583333333334,0.125
1,256,0.7708333333333334,nan,0.90625,1.0,1.0,1.0,0.6979166666666666,1.0,0.7760416666666666,0.9322916666666666,0.5989583333333334,0.125
