seed,L,v1,v1_reminder,v1_monitor,v2_anchor,vB,vB_latch,probe_v1,probe_vB,chance
1,0,0.6510416666666666,0.5885416666666666,0.9479166666666666,1.0,1.0,1.0,0.4895833333333333,1.0,0.125
1,16,0.59375,0.6145833333333334,0.9583333333333334,1.0,1.0,1.0,0.4375,1.0,0.125
1,32,0.59375,0.5833333333333334,0.9427083333333334,1.0,1.0,1.0,0.453125,1.0,0.125
1,64,0.6510416666666666,0.6302083333333334,0.9375,1.0,1.0,1.0,0.453125,1.0,0.125
1,96,0.5208333333333334,0.6197916666666666,0.9375,1.0,1.0,1.0,0.4479166666666667,1.0,0.125
1,128,0.703125,0.625,0.9375,1.0,1.0,1.0,0.453125,1.0,0.125
1,192,0.6041666666666666,0.6145833333333334,0.9427083333333334,1.0,1.0,1.0,0.4010416666666667,1.0,0.125
1,224,0.59375,0.6197916666666666,0.953125,1.0,1.0,1.0,0.5052083333333334,1.0,0.125
1,256,0.6354166666666666,nan,0.90625,1.0,1.0,1.0,0.4635416666666667,1.0,0.125
