seed,arm,L,phi,m,R,C,X,delta,Wg,V,OC,Rw,Cw,dw,n
1,vS,32,0.25,1,1.0,0.0,0.0,1.0,1.0,1.0,0.0,1.0,0.0,1.0,192
1,vSo,32,0.25,1,1.0,0.0,0.0,1.0,1.0,1.0,0.0,1.0,0.0,1.0,192
1,vS,32,0.25,4,1.0,0.0,0.0,1.0,1.0,1.0,0.0,1.0,0.0,1.0,192
1,vSo,32,0.25,4,1.0,0.0,0.0,1.0,1.0,1.0,0.0,1.0,0.0,1.0,192
1,vS,32,0.75,1,1.0,0.0,0.0,1.0,1.0,1.0,0.0,1.0,0.0,1.0,192
1,vSo,32,0.75,1,1.0,0.0,0.0,1.0,1.0,1.0,0.0,1.0,0.0,1.0,192
1,vS,32,0.75,4,1.0,0.0,0.0,1.0,1.0,1.0,0.0,1.0,0.0,1.0,192
1,vSo,32,0.75,4,1.0,0.0,0.0,1.0,1.0,1.0,0.0,1.0,0.0,1.0,192
1,vS,32,end,1,1.0,0.0,0.0,1.0,1.0,1.0,0.0,1.0,0.0,1.0,192
1,vSo,32,end,1,1.0,0.0,0.0,1.0,1.0,1.0,0.0,1.0,0.0,1.0,192
1,vS,32,end,4,1.0,0.0,0.0,1.0,1.0,1.0,0.0,1.0,0.0,1.0,192
1,vSo,32,end,4,1.0,0.0,0.0,1.0,1.0,1.0,0.0,1.0,0.0,1.0,192
1,vS,64,0.25,1,1.0,0.0,0.0,1.0,1.0,1.0,0.0,1.0,0.0,1.0,192
1,vSo,64,0.25,1,1.0,0.0,0.0,1.0,1.0,1.0,0.0,1.0,0.0,1.0,192
1,vS,64,0.25,4,1.0,0.0,0.0,1.0,1.0,1.0,0.0,1.0,0.0,1.0,192
1,vSo,64,0.25,4,1.0,0.0,0.0,1.0,1.0,1.0,0.0,1.0,0.0,1.0,192
1,vS,64,0.75,1,1.0,0.0,0.0,1.0,1.0,1.0,0.0,1.0,0.0,1.0,192
1,vSo,64,0.75,1,1.0,0.0,0.0,1.0,1.0,1.0,0.0,1.0,0.0,1.0,192
1,vS,64,0.75,4,1.0,0.0,0.0,1.0,1.0,1.0,0.0,1.0,0.0,1.0,192
1,vSo,64,0.75,4,1.0,0.0,0.0,1.0,1.0,1.0,0.0,1.0,0.0,1.0,192
1,vS,64,end,1,1.0,0.0,0.0,1.0,1.0,1.0,0.0,1.0,0.0,1.0,192
1,vSo,64,end,1,1.0,0.0,0.0,1.0,1.0,1.0,0.0,1.0,0.0,1.0,192
1,vS,64,end,4,1.0,0.0,0.0,1.0,1.0,1.0,0.0,1.0,0.0,1.0,192
1,vSo,64,end,4,1.0,0.0,0.0,1.0,1.0,1.0,0.0,1.0,0.0,1.0,192
1,vS,128,0.25,1,1.0,0.0,0.0,1.0,1.0,1.0,0.0,1.0,0.0,1.0,192
1,vSo,128,0.25,1,1.0,0.0,0.0,1.0,1.0,1.0,0.0,1.0,0.0,1.0,192
1,vS,128,0.25,4,1.0,0.0,0.0,1.0,1.0,1.0,0.0,1.0,0.0,1.0,192
1,vSo,128,0.25,4,1.0,0.0,0.0,1.0,1.0,1.0,0.0,1.0,0.0,1.0,192
1,vS,128,0.75,1,1.0,0.0,0.0,1.0,1.0,1.0,0.0,1.0,0.0,1.0,192
1,vSo,128,0.75,1,1.0,0.0,0.0,1.0,1.0,1.0,0.0,1.0,0.0,1.0,192
1,vS,128,0.75,4,1.0,0.0,0.0,1.0,1.0,1.0,0.0,1.0,0.0,1.0,192
1,vSo,128,0.75,4,1.0,0.0,0.0,1.0,1.0,1.0,0.0,1.0,0.0,1.0,192
1,vS,128,end,1,1.0,0.0,0.0,1.0,1.0,1.0,0.0,1.0,0.0,1.0,192
1,vSo,128,end,1,1.0,0.0,0.0,1.0,1.0,1.0,0.0,1.0,0.0,1.0,192
1,vS,128,end,4,1.0,0.0,0.0,1.0,1.0,1.0,0.0,1.0,0.0,1.0,192
1,vSo,128,end,4,1.0,0.0,0.0,1.0,1.0,1.0,0.0,1.0,0.0,1.0,192
1,vS,192,0.25,1,1.0,0.0,0.0,1.0,1.0,1.0,0.0,1.0,0.0,1.0,192
1,vSo,192,0.25,1,1.0,0.0,0.0,1.0,1.0,1.0,0.0,1.0,0.0,1.0,192
1,vS,192,0.25,4,1.0,0.0,0.0,1.0,1.0,1.0,0.0,1.0,0.0,1.0,192
1,vSo,192,0.25,4,1.0,0.0,0.0,1.0,1.0,1.0,0.0,1.0,0.0,1.0,192
1,vS,192,0.75,1,1.0,0.0,0.0,1.0,1.0,1.0,0.0,1.0,0.0,1.0,192
1,vSo,192,0.75,1,1.0,0.0,0.0,1.0,1.0,1.0,0.0,1.0,0.0,1.0,192
1,vS,192,0.75,4,1.0,0.0,0.0,1.0,1.0,1.0,0.0,1.0,0.0,1.0,192
1,vSo,192,0.75,4,1.0,0.0,0.0,1.0,1.0,1.0,0.0,1.0,0.0,1.0,192
1,vS,192,end,1,1.0,0.0,0.0,1.0,1.0,1.0,0.0,1.0,0.0,1.0,192
1,vSo,192,end,1,1.0,0.0,0.0,1.0,1.0,1.0,0.0,1.0,0.0,1.0,192
1,vS,192,end,4,1.0,0.0,0.0,1.0,1.0,1.0,0.0,1.0,0.0,1.0,192
1,vSo,192,end,4,1.0,0.0,0.0,1.0,1.0,1.0,0.0,1.0,0.0,1.0,192
