seed,L,arm,acc,Wg,V,OC,chance,goal_ignorant_ceiling
3,0,vS,0.13020833333333334,1.0,0.13020833333333334,0.8697916666666666,0.125,0.25
3,16,vS,0.13541666666666666,1.0,0.13541666666666666,0.8645833333333334,0.125,0.25
3,32,vS,0.13020833333333334,1.0,0.13020833333333334,0.8697916666666666,0.125,0.25
3,64,vS,0.08333333333333333,1.0,0.08333333333333333,0.9166666666666666,0.125,0.25
3,96,vS,0.16145833333333334,1.0,0.16145833333333334,0.8385416666666666,0.125,0.25
3,128,vS,0.15104166666666666,1.0,0.15104166666666666,0.8489583333333334,0.125,0.25
3,192,vS,0.15104166666666666,1.0,0.15104166666666666,0.8489583333333334,0.125,0.25
3,224,vS,0.15104166666666666,1.0,0.15104166666666666,0.8489583333333334,0.125,0.25
3,256,vS,0.16145833333333334,1.0,0.16145833333333334,0.8385416666666666,0.125,0.25
