seed,L,vS,Wg_vS,V_vS,OC_vS,vSo,Wg_vSo,V_vSo,OC_vSo,vSc,Wg_vSc,V_vSc,OC_vSc,vSoc,Wg_vSoc,V_vSoc,OC_vSoc,chance
2,0,1.0,1.0,1.0,0.0,1.0,1.0,1.0,0.0,nan,nan,nan,nan,nan,nan,nan,nan,0.125
2,16,1.0,1.0,1.0,0.0,1.0,1.0,1.0,0.0,nan,nan,nan,nan,nan,nan,nan,nan,0.125
2,32,1.0,1.0,1.0,0.0,1.0,1.0,1.0,0.0,nan,nan,nan,nan,nan,nan,nan,nan,0.125
2,64,1.0,1.0,1.0,0.0,1.0,1.0,1.0,0.0,nan,nan,nan,nan,nan,nan,nan,nan,0.125
2,96,1.0,1.0,1.0,0.0,1.0,1.0,1.0,0.0,nan,nan,nan,nan,nan,nan,nan,nan,0.125
2,128,1.0,1.0,1.0,0.0,1.0,1.0,1.0,0.0,nan,nan,nan,nan,nan,nan,nan,nan,0.125
2,192,1.0,1.0,1.0,0.0,1.0,1.0,1.0,0.0,nan,nan,nan,nan,nan,nan,nan,nan,0.125
2,224,1.0,1.0,1.0,0.0,1.0,1.0,1.0,0.0,nan,nan,nan,nan,nan,nan,nan,nan,0.125
2,256,1.0,1.0,1.0,0.0,1.0,1.0,1.0,0.0,nan,nan,nan,nan,nan,nan,nan,nan,0.125
