L,v1,v1_reminder,v1_monitor,v2_anchor,chance
0,0.9479166666666666,0.9270833333333334,0.9583333333333334,1.0,0.125
16,0.96875,0.9322916666666666,0.9635416666666666,1.0,0.125
32,0.9322916666666666,0.9583333333333334,0.9322916666666666,1.0,0.125
64,0.9114583333333334,0.9479166666666666,0.9427083333333334,1.0,0.125
96,0.921875,0.9479166666666666,0.9322916666666666,1.0,0.125
128,0.9739583333333334,0.9479166666666666,0.9427083333333334,1.0,0.125
192,0.96875,0.9635416666666666,0.9322916666666666,1.0,0.125
224,0.921875,0.9427083333333334,0.9114583333333334,1.0,0.125
256,0.9270833333333334,nan,0.9322916666666666,1.0,0.125
