L,v1_mean,v1_min,v1_max,v1_reminder_mean,v1_reminder_min,v1_reminder_max,v1_monitor_mean,v1_monitor_min,v1_monitor_max,v2_anchor_mean,v2_anchor_min,v2_anchor_max
0,0.8698,0.7865,0.9479,0.8663,0.7917,0.9271,0.9583,0.9323,0.9844,1.0,1.0,1.0
16,0.8785,0.8125,0.9688,0.8281,0.7656,0.9323,0.967,0.9635,0.974,1.0,1.0,1.0
32,0.8264,0.7396,0.9323,0.849,0.7865,0.9583,0.9479,0.9323,0.9635,1.0,1.0,1.0
64,0.7986,0.7396,0.9115,0.8368,0.776,0.9479,0.9635,0.9427,0.9844,1.0,1.0,1.0
96,0.816,0.724,0.9219,0.8385,0.7812,0.9479,0.9462,0.9323,0.9635,1.0,1.0,1.0
128,0.8247,0.7031,0.974,0.8264,0.7448,0.9479,0.9462,0.9375,0.9583,1.0,1.0,1.0
192,0.8056,0.7135,0.9688,0.8438,0.7552,0.9635,0.9549,0.9323,0.9688,1.0,1.0,1.0
224,0.7917,0.7188,0.9219,0.849,0.7656,0.9427,0.9115,0.8958,0.9271,1.0,1.0,1.0
256,0.7882,0.6823,0.9271,nan,nan,nan,0.9444,0.9323,0.9688,1.0,1.0,1.0
