sweep,L,arm,g0,g1,g2,g3
primary,0,v1,0.1667,0.1458,0.1667,0.2083
primary,0,v1_reminder,0.125,0.0833,0.125,0.1875
primary,0,v1_monitor,0.1042,0.1458,0.125,0.1458
primary,0,v2_anchor,0.1458,0.1458,0.1042,0.125
primary,0,v1c,0.125,0.125,0.1458,0.1042
primary,16,v1,0.0625,0.1458,0.2708,0.2292
primary,16,v1_reminder,0.0625,0.125,0.1458,0.1458
primary,16,v1_monitor,0.1042,0.1042,0.1875,0.1458
primary,16,v2_anchor,0.125,0.1458,0.0833,0.1042
primary,16,v1c,0.125,0.0833,0.0833,0.2083
primary,32,v1,0.1042,0.1458,0.1875,0.1875
primary,32,v1_reminder,0.1458,0.1875,0.125,0.125
primary,32,v1_monitor,0.0625,0.125,0.1667,0.1875
primary,32,v2_anchor,0.125,0.1042,0.1042,0.1042
primary,32,v1c,0.1875,0.1875,0.0833,0.1042
primary,64,v1,0.1875,0.3125,0.125,0.1042
primary,64,v1_reminder,0.125,0.1667,0.1667,0.1458
primary,64,v1_monitor,0.1667,0.125,0.1875,0.1667
primary,64,v2_anchor,0.1042,0.2083,0.0417,0.1875
primary,64,v1c,0.0625,0.1667,0.0625,0.2083
primary,96,v1,0.125,0.1458,0.1875,0.125
primary,96,v1_reminder,0.1042,0.1458,0.1667,0.1875
primary,96,v1_monitor,0.1042,0.1042,0.125,0.1458
primary,96,v2_anchor,0.125,0.1458,0.125,0.1667
primary,96,v1c,0.125,0.0625,0.0625,0.1667
primary,128,v1,0.125,0.1458,0.1667,0.0417
primary,128,v1_reminder,0.0833,0.0833,0.1458,0.1667
primary,128,v1_monitor,0.0625,0.0417,0.1667,0.0833
primary,128,v2_anchor,0.1042,0.125,0.1667,0.2917
primary,128,v1c,0.125,0.0833,0.125,0.1458
primary,192,v1,0.125,0.1667,0.0625,0.125
primary,192,v1_reminder,0.1667,0.2083,0.1042,0.0625
primary,192,v1_monitor,0.0625,0.1875,0.1458,0.0417
primary,192,v2_anchor,0.1875,0.0833,0.1458,0.1667
primary,192,v1c,0.1875,0.125,0.1667,0.1667
primary,224,v1,0.1042,0.2083,0.1458,0.125
primary,224,v1_reminder,0.1042,0.125,0.125,0.0833
primary,224,v1_monitor,0.2083,0.1875,0.1458,0.2083
primary,224,v2_anchor,0.2083,0.1667,0.0833,0.25
primary,224,v1c,0.1042,0.125,0.1667,0.1875
primary,256,v1,0.1042,0.1458,0.0625,0.1875
primary,256,v1_monitor,0.1875,0.1458,0.2083,0.1667
primary,256,v2_anchor,0.1875,0.1458,0.1875,0.2083
primary,256,v1c,0.1458,0.1458,0.1667,0.1875
diag,0,v1,0.1667,0.0417,0.2708,0.0833
diag,0,v1_reminder,0.1875,0.1875,0.1458,0.1042
diag,0,v1_monitor,0.1458,0.0833,0.1667,0.1667
diag,0,v2_anchor,0.1875,0.1458,0.125,0.1042
diag,0,v1c,0.2292,0.125,0.1458,0.1667
diag,16,v1,0.1875,0.1042,0.1667,0.1667
diag,16,v1_reminder,0.0833,0.2083,0.0208,0.1667
diag,16,v1_monitor,0.125,0.125,0.1458,0.125
diag,16,v2_anchor,0.125,0.25,0.25,0.125
diag,16,v1c,0.1458,0.0417,0.1667,0.125
diag,32,v1,0.1458,0.2292,0.125,0.125
diag,32,v1_reminder,0.2083,0.1042,0.1458,0.1667
diag,32,v1_monitor,0.1875,0.0833,0.1667,0.125
diag,32,v2_anchor,0.2292,0.1042,0.1042,0.0833
diag,32,v1c,0.1458,0.0625,0.2083,0.0833
diag,64,v1,0.1458,0.1875,0.1667,0.125
diag,64,v1_reminder,0.2083,0.1875,0.125,0.0417
diag,64,v1_monitor,0.2083,0.125,0.125,0.1667
diag,64,v2_anchor,0.2292,0.0833,0.0833,0.125
diag,64,v1c,0.0625,0.125,0.0833,0.1875
diag,96,v1,0.0625,0.1458,0.1875,0.0833
diag,96,v1_reminder,0.125,0.125,0.1667,0.1667
diag,96,v1_monitor,0.125,0.0833,0.125,0.1667
diag,96,v2_anchor,0.1458,0.125,0.0625,0.2083
diag,96,v1c,0.0833,0.1458,0.125,0.1875
diag,128,v1,0.125,0.1042,0.1458,0.1042
diag,128,v1_reminder,0.1667,0.1042,0.1458,0.1458
diag,128,v1_monitor,0.125,0.1042,0.1042,0.125
diag,128,v2_anchor,0.1042,0.0417,0.125,0.2292
diag,128,v1c,0.1042,0.0833,0.2292,0.1042
diag,192,v1,0.1875,0.125,0.1875,0.1458
diag,192,v1_reminder,0.125,0.1667,0.1042,0.1458
diag,192,v1_monitor,0.2083,0.1458,0.1875,0.1667
diag,192,v2_anchor,0.1667,0.2083,0.125,0.1667
diag,192,v1c,0.1458,0.2083,0.1875,0.0833
diag,224,v1,0.0833,0.125,0.2292,0.0833
diag,224,v1_reminder,0.1875,0.2292,0.125,0.1875
diag,224,v1_monitor,0.1667,0.1458,0.0833,0.1042
diag,224,v2_anchor,0.125,0.1875,0.0417,0.1042
diag,224,v1c,0.1875,0.1875,0.125,0.1458
diag,256,v1,0.1458,0.1667,0.1667,0.1042
diag,256,v1_monitor,0.1875,0.1458,0.1875,0.1667
diag,256,v2_anchor,0.2083,0.1458,0.1875,0.0625
diag,256,v1c,0.0833,0.1875,0.125,0.1458
