L,v1,v1_reminder,v1_monitor,v2_anchor,v1c,monc,chance
0,0.140625,0.15625,0.140625,0.140625,0.16666666666666666,nan,0.125
16,0.15625,0.11979166666666667,0.13020833333333334,0.1875,0.11979166666666667,nan,0.125
32,0.15625,0.15625,0.140625,0.13020833333333334,0.125,nan,0.125
64,0.15625,0.140625,0.15625,0.13020833333333334,0.11458333333333333,nan,0.125
96,0.11979166666666667,0.14583333333333334,0.125,0.13541666666666666,0.13541666666666666,nan,0.125
128,0.11979166666666667,0.140625,0.11458333333333333,0.125,0.13020833333333334,nan,0.125
192,0.16145833333333334,0.13541666666666666,0.17708333333333334,0.16666666666666666,0.15625,nan,0.125
224,0.13020833333333334,0.18229166666666666,0.125,0.11458333333333333,0.16145833333333334,nan,0.125
256,0.14583333333333334,nan,0.171875,0.15104166666666666,0.13541666666666666,nan,0.125
