seed,arm,min_acc,max_acc,mean_acc,final_loss,steps
1,v1,0.099,0.188,0.144,1.9505,1750
1,v2_anchor,0.083,0.182,0.136,2.0063,1750
1,v1c,0.073,0.182,0.139,1.9447,1750
1,v1_monitor,0.094,0.177,0.139,1.8914,1750
1,v1_reminder,0.109,0.198,0.149,(v1 weights),-
2,v1,0.089,0.182,0.139,1.9623,1750
2,v2_anchor,0.094,0.214,0.149,1.958,1750
2,v1c,0.089,0.161,0.127,1.967,1750
2,v1_monitor,0.104,0.193,0.138,2.045,1750
2,v1_reminder,0.089,0.219,0.144,(v1 weights),-
3,v1,0.12,0.182,0.146,1.9918,1750
3,v2_anchor,0.109,0.188,0.144,2.0133,1750
3,v1c,0.104,0.167,0.136,1.9771,1750
3,v1_monitor,0.089,0.188,0.14,1.9304,1750
3,v1_reminder,0.109,0.182,0.14,(v1 weights),-
