seed,arm,cell,L,phi,m,acc_or_R,C,Wg_raw,Wg_pi,Cw_pi,V,OC,n
1,probe_v1_cap1750,clean,16,,,0.703125,nan,0.4322916666666667,0.4322916666666667,nan,0.59375,0.140625,192
1,probe_v1_cap1750,clean,64,,,0.6614583333333334,nan,0.4479166666666667,0.4479166666666667,nan,0.53125,0.15625,192
1,probe_v1_cap1750,clean,192,,,0.625,nan,0.4479166666666667,0.4479166666666667,nan,0.625,0.13541666666666666,192
1,probe_v1_cap1750,inject,64,0.25,4,0.5885416666666666,0.203125,0.4427083333333333,0.4427083333333333,0.14583333333333334,0.484375,0.22916666666666666,192
1,probe_v1_cap1750,inject,64,end,4,0.609375,0.16666666666666666,0.46875,0.46875,0.17708333333333334,0.515625,0.19270833333333334,192
1,probe_v1_cap1750,inject,192,0.25,4,0.5729166666666666,0.1875,0.4739583333333333,0.4739583333333333,0.15625,0.4635416666666667,0.2604166666666667,192
1,probe_v1_cap1750,inject,192,end,4,0.6302083333333334,0.15104166666666666,0.4479166666666667,0.4479166666666667,0.203125,0.546875,0.171875,192
1,vWr_v1_cap1750,clean,16,,,0.6354166666666666,nan,0.28125,0.34375,nan,0.6354166666666666,0.109375,192
1,vWr_v1_cap1750,clean,64,,,0.6458333333333334,nan,0.2864583333333333,0.3958333333333333,nan,0.6354166666666666,0.11979166666666667,192
1,vWr_v1_cap1750,clean,192,,,0.546875,nan,0.24479166666666666,0.3854166666666667,nan,0.546875,0.19791666666666666,192
1,vWr_v1_cap1750,inject,64,0.25,4,0.59375,0.21875,0.2760416666666667,0.4010416666666667,0.13020833333333334,0.640625,0.11979166666666667,192
1,vWr_v1_cap1750,inject,64,end,4,0.5989583333333334,0.21354166666666666,0.28125,0.4114583333333333,0.140625,0.625,0.15104166666666666,192
1,vWr_v1_cap1750,inject,192,0.25,4,0.5625,0.25,0.2604166666666667,0.421875,0.15625,0.6197916666666666,0.15104166666666666,192
1,vWr_v1_cap1750,inject,192,end,4,0.5833333333333334,0.21354166666666666,0.2604166666666667,0.3645833333333333,0.17708333333333334,0.6354166666666666,0.13020833333333334,192
