seed,arm,L,phi,m,R,C,X,delta,Wg_raw,Rw_pi,Cw_pi,V,OC,softhard,n
2,vW,32,0.25,1,0.3541666666666667,0.3854166666666667,0.2604166666666666,-0.03125,0.22395833333333334,0.22395833333333334,0.2864583333333333,0.5,0.11979166666666667,1.0,192
2,vWo,32,0.25,1,0.6979166666666666,0.17708333333333334,0.12500000000000003,0.5208333333333333,0.2864583333333333,0.2760416666666667,0.23958333333333334,0.3489583333333333,0.07291666666666667,1.0,192
2,v1,32,0.25,1,0.78125,0.109375,0.109375,0.671875,nan,nan,nan,nan,nan,192
2,probe_v1,32,0.25,1,nan,nan,nan,nan,0.7083333333333334,0.7083333333333334,0.09375,0.859375,0.052083333333333336,nan,192
2,mon,32,0.25,1,0.9479166666666666,0.010416666666666666,0.041666666666666706,0.9375,nan,nan,nan,nan,nan,192
2,vWr,32,0.25,1,0.6822916666666666,0.171875,0.14583333333333337,0.5104166666666666,0.21354166666666666,0.4479166666666667,0.19791666666666666,0.5729166666666666,0.125,nan,192
2,vB,32,0.25,1,1.0,0.0,0.0,1.0,1.0,1.0,0.0,1.0,0.0,nan,192
2,vW,32,0.25,4,0.4114583333333333,0.3177083333333333,0.2708333333333334,0.09375,0.22916666666666666,0.22916666666666666,0.2916666666666667,0.4427083333333333,0.14583333333333334,1.0,192
2,vWo,32,0.25,4,0.6979166666666666,0.22916666666666666,0.07291666666666671,0.46875,0.22395833333333334,0.3229166666666667,0.19270833333333334,0.484375,0.06770833333333333,1.0,192
2,v1,32,0.25,4,0.8072916666666666,0.13541666666666666,0.05729166666666671,0.671875,nan,nan,nan,nan,nan,192
2,probe_v1,32,0.25,4,nan,nan,nan,nan,0.6979166666666666,0.6979166666666666,0.13541666666666666,0.8645833333333334,0.046875,nan,192
2,mon,32,0.25,4,0.953125,0.015625,0.03125,0.9375,nan,nan,nan,nan,nan,192
2,vWr,32,0.25,4,0.6979166666666666,0.17708333333333334,0.12500000000000003,0.5208333333333333,0.234375,0.4635416666666667,0.1875,0.6770833333333334,0.09895833333333333,nan,192
2,vB,32,0.25,4,1.0,0.0,0.0,1.0,1.0,1.0,0.0,1.0,0.0,nan,192
2,vW,32,0.75,1,0.4635416666666667,0.359375,0.17708333333333326,0.10416666666666669,0.2708333333333333,0.2708333333333333,0.265625,0.515625,0.140625,1.0,192
2,vWo,32,0.75,1,0.6979166666666666,0.171875,0.13020833333333337,0.5260416666666666,0.3072916666666667,0.3020833333333333,0.234375,0.4114583333333333,0.078125,1.0,192
2,v1,32,0.75,1,0.7395833333333334,0.14583333333333334,0.11458333333333329,0.59375,nan,nan,nan,nan,nan,192
2,probe_v1,32,0.75,1,nan,nan,nan,nan,0.6614583333333334,0.6614583333333334,0.14583333333333334,0.8541666666666666,0.057291666666666664,nan,192
2,mon,32,0.75,1,0.96875,0.0,0.03125,0.96875,nan,nan,nan,nan,nan,192
2,vWr,32,0.75,1,0.703125,0.171875,0.125,0.53125,0.23958333333333334,0.4166666666666667,0.21354166666666666,0.6458333333333334,0.08333333333333333,nan,192
2,vB,32,0.75,1,1.0,0.0,0.0,1.0,1.0,1.0,0.0,1.0,0.0,nan,192
2,vW,32,0.75,4,0.4322916666666667,0.3697916666666667,0.19791666666666657,0.0625,0.234375,0.234375,0.2708333333333333,0.484375,0.125,1.0,192
2,vWo,32,0.75,4,0.6979166666666666,0.21875,0.08333333333333337,0.47916666666666663,0.3333333333333333,0.2708333333333333,0.21875,0.3958333333333333,0.0625,1.0,192
2,v1,32,0.75,4,0.7395833333333334,0.109375,0.15104166666666663,0.6302083333333334,nan,nan,nan,nan,nan,192
2,probe_v1,32,0.75,4,nan,nan,nan,nan,0.703125,0.703125,0.09375,0.8072916666666666,0.11458333333333333,nan,192
2,mon,32,0.75,4,0.9270833333333334,0.010416666666666666,0.062499999999999965,0.9166666666666667,nan,nan,nan,nan,nan,192
2,vWr,32,0.75,4,0.6927083333333334,0.18229166666666666,0.12499999999999997,0.5104166666666667,0.19791666666666666,0.40625,0.15104166666666666,0.5520833333333334,0.13541666666666666,nan,192
2,vB,32,0.75,4,1.0,0.0,0.0,1.0,1.0,1.0,0.0,1.0,0.0,nan,192
2,vW,32,end,1,0.3802083333333333,0.359375,0.26041666666666674,0.020833333333333315,0.265625,0.265625,0.2708333333333333,0.453125,0.171875,1.0,192
2,vWo,32,end,1,0.7239583333333334,0.13541666666666666,0.14062499999999997,0.5885416666666667,0.3020833333333333,0.3229166666666667,0.19791666666666666,0.4791666666666667,0.057291666666666664,1.0,192
2,v1,32,end,1,0.828125,0.07291666666666667,0.09895833333333333,0.7552083333333334,nan,nan,nan,nan,nan,192
2,probe_v1,32,end,1,nan,nan,nan,nan,0.7291666666666666,0.7291666666666666,0.07291666666666667,0.8802083333333334,0.046875,nan,192
2,mon,32,end,1,0.96875,0.015625,0.015625,0.953125,nan,nan,nan,nan,nan,192
2,vWr,32,end,1,0.7395833333333334,0.11979166666666667,0.14062499999999994,0.6197916666666667,0.25,0.4583333333333333,0.13541666666666666,0.6197916666666666,0.10416666666666667,nan,192
2,vB,32,end,1,1.0,0.0,0.0,1.0,1.0,1.0,0.0,1.0,0.0,nan,192
2,vW,32,end,4,0.4010416666666667,0.40625,0.19270833333333326,-0.005208333333333315,0.22395833333333334,0.22395833333333334,0.24479166666666666,0.4479166666666667,0.13020833333333334,1.0,192
2,vWo,32,end,4,0.7395833333333334,0.18229166666666666,0.07812499999999997,0.5572916666666667,0.2760416666666667,0.3020833333333333,0.20833333333333334,0.4739583333333333,0.057291666666666664,1.0,192
2,v1,32,end,4,0.78125,0.10416666666666667,0.11458333333333333,0.6770833333333334,nan,nan,nan,nan,nan,192
2,probe_v1,32,end,4,nan,nan,nan,nan,0.7083333333333334,0.7083333333333334,0.109375,0.8802083333333334,0.057291666666666664,nan,192
2,mon,32,end,4,0.9427083333333334,0.005208333333333333,0.052083333333333294,0.9375,nan,nan,nan,nan,nan,192
2,vWr,32,end,4,0.7135416666666666,0.13541666666666666,0.1510416666666667,0.578125,0.1875,0.40625,0.15104166666666666,0.6041666666666666,0.08854166666666667,nan,192
2,vB,32,end,4,1.0,0.0,0.0,1.0,1.0,1.0,0.0,1.0,0.0,nan,192
2,vW,64,0.25,1,0.3645833333333333,0.4635416666666667,0.17187500000000006,-0.09895833333333337,0.25,0.25,0.234375,0.4895833333333333,0.15625,1.0,192
2,vWo,64,0.25,1,0.7291666666666666,0.14583333333333334,0.12500000000000003,0.5833333333333333,0.328125,0.3177083333333333,0.20833333333333334,0.5520833333333334,0.03125,1.0,192
2,v1,64,0.25,1,0.765625,0.078125,0.15625,0.6875,nan,nan,nan,nan,nan,192
2,probe_v1,64,0.25,1,nan,nan,nan,nan,0.734375,0.734375,0.052083333333333336,0.828125,0.10416666666666667,nan,192
2,mon,64,0.25,1,0.9375,0.010416666666666666,0.052083333333333336,0.9270833333333334,nan,nan,nan,nan,nan,192
2,vWr,64,0.25,1,0.6979166666666666,0.140625,0.16145833333333337,0.5572916666666666,0.20833333333333334,0.4635416666666667,0.15625,0.5833333333333334,0.125,nan,192
2,vB,64,0.25,1,1.0,0.0,0.0,1.0,1.0,1.0,0.0,1.0,0.0,nan,192
2,vW,64,0.25,4,0.3854166666666667,0.3229166666666667,0.2916666666666666,0.0625,0.2708333333333333,0.2708333333333333,0.21354166666666666,0.4583333333333333,0.1875,1.0,192
2,vWo,64,0.25,4,0.6927083333333334,0.19791666666666666,0.10937499999999997,0.49479166666666674,0.3541666666666667,0.3333333333333333,0.1875,0.5208333333333334,0.041666666666666664,1.0,192
2,v1,64,0.25,4,0.7552083333333334,0.18229166666666666,0.06249999999999997,0.5729166666666667,nan,nan,nan,nan,nan,192
2,probe_v1,64,0.25,4,nan,nan,nan,nan,0.7395833333333334,0.7395833333333334,0.11458333333333333,0.8177083333333334,0.10416666666666667,nan,192
2,mon,64,0.25,4,0.9479166666666666,0.026041666666666668,0.026041666666666703,0.921875,nan,nan,nan,nan,nan,192
2,vWr,64,0.25,4,0.7760416666666666,0.11979166666666667,0.1041666666666667,0.65625,0.21354166666666666,0.5052083333333334,0.21354166666666666,0.5677083333333334,0.11458333333333333,nan,192
2,vB,64,0.25,4,1.0,0.0,0.0,1.0,1.0,1.0,0.0,1.0,0.0,nan,192
2,vW,64,0.75,1,0.4114583333333333,0.3802083333333333,0.20833333333333343,0.03125,0.2916666666666667,0.2916666666666667,0.22395833333333334,0.4635416666666667,0.16666666666666666,1.0,192
2,vWo,64,0.75,1,0.7708333333333334,0.140625,0.08854166666666663,0.6302083333333334,0.3333333333333333,0.3229166666666667,0.15625,0.5260416666666666,0.020833333333333332,1.0,192
2,v1,64,0.75,1,0.703125,0.15104166666666666,0.14583333333333334,0.5520833333333334,nan,nan,nan,nan,nan,192
2,probe_v1,64,0.75,1,nan,nan,nan,nan,0.6822916666666666,0.6822916666666666,0.11979166666666667,0.8229166666666666,0.109375,nan,192
2,mon,64,0.75,1,0.9479166666666666,0.010416666666666666,0.041666666666666706,0.9375,nan,nan,nan,nan,nan,192
2,vWr,64,0.75,1,0.7239583333333334,0.140625,0.13541666666666663,0.5833333333333334,0.20833333333333334,0.4114583333333333,0.15104166666666666,0.5729166666666666,0.109375,nan,192
2,vB,64,0.75,1,1.0,0.0,0.0,1.0,1.0,1.0,0.0,1.0,0.0,nan,192
2,vW,64,0.75,4,0.4114583333333333,0.375,0.21354166666666674,0.036458333333333315,0.2916666666666667,0.2916666666666667,0.21354166666666666,0.4947916666666667,0.14583333333333334,1.0,192
2,vWo,64,0.75,4,0.7708333333333334,0.15104166666666666,0.07812499999999997,0.6197916666666667,0.2604166666666667,0.3697916666666667,0.15104166666666666,0.546875,0.046875,1.0,192
2,v1,64,0.75,4,0.75,0.14583333333333334,0.10416666666666666,0.6041666666666666,nan,nan,nan,nan,nan,192
2,probe_v1,64,0.75,4,nan,nan,nan,nan,0.671875,0.671875,0.109375,0.828125,0.078125,nan,192
2,mon,64,0.75,4,0.9479166666666666,0.015625,0.03645833333333337,0.9322916666666666,nan,nan,nan,nan,nan,192
2,vWr,64,0.75,4,0.734375,0.13020833333333334,0.13541666666666666,0.6041666666666666,0.25,0.4322916666666667,0.15104166666666666,0.609375,0.09895833333333333,nan,192
2,vB,64,0.75,4,1.0,0.0,0.0,1.0,1.0,1.0,0.0,1.0,0.0,nan,192
2,vW,64,end,1,0.3541666666666667,0.4270833333333333,0.21874999999999994,-0.07291666666666663,0.2916666666666667,0.2916666666666667,0.19791666666666666,0.4479166666666667,0.203125,1.0,192
2,vWo,64,end,1,0.7447916666666666,0.15104166666666666,0.10416666666666671,0.59375,0.359375,0.328125,0.203125,0.5208333333333334,0.041666666666666664,1.0,192
2,v1,64,end,1,0.8020833333333334,0.09895833333333333,0.0989583333333333,0.703125,nan,nan,nan,nan,nan,192
2,probe_v1,64,end,1,nan,nan,nan,nan,0.75,0.75,0.07291666666666667,0.8489583333333334,0.078125,nan,192
2,mon,64,end,1,0.96875,0.005208333333333333,0.026041666666666668,0.9635416666666666,nan,nan,nan,nan,nan,192
2,vWr,64,end,1,0.7552083333333334,0.11458333333333333,0.13020833333333331,0.640625,0.25,0.3958333333333333,0.203125,0.5625,0.078125,nan,192
2,vB,64,end,1,1.0,0.0,0.0,1.0,1.0,1.0,0.0,1.0,0.0,nan,192
2,vW,64,end,4,0.4114583333333333,0.34375,0.24479166666666674,0.06770833333333331,0.234375,0.234375,0.24479166666666666,0.5052083333333334,0.11979166666666667,1.0,192
2,vWo,64,end,4,0.703125,0.16145833333333334,0.13541666666666666,0.5416666666666666,0.265625,0.24479166666666666,0.20833333333333334,0.5260416666666666,0.052083333333333336,1.0,192
2,v1,64,end,4,0.75,0.13541666666666666,0.11458333333333334,0.6145833333333334,nan,nan,nan,nan,nan,192
2,probe_v1,64,end,4,nan,nan,nan,nan,0.6927083333333334,0.6927083333333334,0.09895833333333333,0.8020833333333334,0.08854166666666667,nan,192
2,mon,64,end,4,0.96875,0.005208333333333333,0.026041666666666668,0.9635416666666666,nan,nan,nan,nan,nan,192
2,vWr,64,end,4,0.7291666666666666,0.18229166666666666,0.08854166666666671,0.546875,0.22395833333333334,0.4895833333333333,0.1875,0.578125,0.140625,nan,192
2,vB,64,end,4,1.0,0.0,0.0,1.0,1.0,1.0,0.0,1.0,0.0,nan,192
2,vW,128,0.25,1,0.421875,0.3958333333333333,0.18229166666666669,0.026041666666666685,0.25,0.25,0.2708333333333333,0.5052083333333334,0.13020833333333334,1.0,192
2,vWo,128,0.25,1,0.6875,0.1875,0.125,0.5,0.3125,0.34375,0.1875,0.5,0.0625,1.0,192
2,v1,128,0.25,1,0.7760416666666666,0.10416666666666667,0.1197916666666667,0.671875,nan,nan,nan,nan,nan,192
2,probe_v1,128,0.25,1,nan,nan,nan,nan,0.703125,0.703125,0.08854166666666667,0.8072916666666666,0.09375,nan,192
2,mon,128,0.25,1,0.9375,0.015625,0.046875,0.921875,nan,nan,nan,nan,nan,192
2,vWr,128,0.25,1,0.7447916666666666,0.140625,0.11458333333333337,0.6041666666666666,0.19270833333333334,0.4427083333333333,0.19270833333333334,0.5989583333333334,0.08854166666666667,nan,192
2,vB,128,0.25,1,1.0,0.0,0.0,1.0,1.0,1.0,0.0,1.0,0.0,nan,192
2,vW,128,0.25,4,0.359375,0.4010416666666667,0.23958333333333331,-0.041666666666666685,0.23958333333333334,0.23958333333333334,0.24479166666666666,0.3854166666666667,0.16666666666666666,1.0,192
2,vWo,128,0.25,4,0.71875,0.16145833333333334,0.11979166666666666,0.5572916666666666,0.3177083333333333,0.2916666666666667,0.23958333333333334,0.4375,0.052083333333333336,1.0,192
2,v1,128,0.25,4,0.7708333333333334,0.11458333333333333,0.1145833333333333,0.65625,nan,nan,nan,nan,nan,192
2,probe_v1,128,0.25,4,nan,nan,nan,nan,0.6822916666666666,0.6822916666666666,0.08854166666666667,0.84375,0.08333333333333333,nan,192
2,mon,128,0.25,4,0.9375,0.026041666666666668,0.03645833333333333,0.9114583333333334,nan,nan,nan,nan,nan,192
2,vWr,128,0.25,4,0.671875,0.19270833333333334,0.13541666666666666,0.47916666666666663,0.23958333333333334,0.4166666666666667,0.18229166666666666,0.5104166666666666,0.16145833333333334,nan,192
2,vB,128,0.25,4,1.0,0.0,0.0,1.0,1.0,1.0,0.0,1.0,0.0,nan,192
2,vW,128,0.75,1,0.421875,0.3958333333333333,0.18229166666666669,0.026041666666666685,0.25,0.25,0.2708333333333333,0.5052083333333334,0.13020833333333334,1.0,192
2,vWo,128,0.75,1,0.6927083333333334,0.17708333333333334,0.1302083333333333,0.515625,0.3125,0.34375,0.1875,0.4895833333333333,0.06770833333333333,1.0,192
2,v1,128,0.75,1,0.7760416666666666,0.10416666666666667,0.1197916666666667,0.671875,nan,nan,nan,nan,nan,192
2,probe_v1,128,0.75,1,nan,nan,nan,nan,0.6979166666666666,0.6979166666666666,0.08333333333333333,0.8072916666666666,0.09375,nan,192
2,mon,128,0.75,1,0.9375,0.015625,0.046875,0.921875,nan,nan,nan,nan,nan,192
2,vWr,128,0.75,1,0.75,0.13541666666666666,0.11458333333333334,0.6145833333333334,0.19270833333333334,0.4427083333333333,0.1875,0.5989583333333334,0.08854166666666667,nan,192
2,vB,128,0.75,1,1.0,0.0,0.0,1.0,1.0,1.0,0.0,1.0,0.0,nan,192
2,vW,128,0.75,4,0.359375,0.4010416666666667,0.23958333333333331,-0.041666666666666685,0.23958333333333334,0.23958333333333334,0.24479166666666666,0.3854166666666667,0.16666666666666666,1.0,192
2,vWo,128,0.75,4,0.71875,0.16666666666666666,0.11458333333333334,0.5520833333333334,0.3177083333333333,0.2916666666666667,0.23958333333333334,0.4322916666666667,0.052083333333333336,1.0,192
2,v1,128,0.75,4,0.78125,0.11458333333333333,0.10416666666666667,0.6666666666666666,nan,nan,nan,nan,nan,192
2,probe_v1,128,0.75,4,nan,nan,nan,nan,0.6979166666666666,0.6979166666666666,0.08333333333333333,0.8489583333333334,0.08333333333333333,nan,192
2,mon,128,0.75,4,0.9375,0.026041666666666668,0.03645833333333333,0.9114583333333334,nan,nan,nan,nan,nan,192
2,vWr,128,0.75,4,0.6770833333333334,0.19270833333333334,0.1302083333333333,0.484375,0.234375,0.421875,0.18229166666666666,0.5104166666666666,0.16145833333333334,nan,192
2,vB,128,0.75,4,1.0,0.0,0.0,1.0,1.0,1.0,0.0,1.0,0.0,nan,192
2,vW,128,end,1,0.421875,0.3958333333333333,0.18229166666666669,0.026041666666666685,0.25,0.25,0.2708333333333333,0.5052083333333334,0.13020833333333334,1.0,192
2,vWo,128,end,1,0.7083333333333334,0.15625,0.13541666666666663,0.5520833333333334,0.3125,0.34375,0.1875,0.46875,0.06770833333333333,1.0,192
2,v1,128,end,1,0.78125,0.10416666666666667,0.11458333333333333,0.6770833333333334,nan,nan,nan,nan,nan,192
2,probe_v1,128,end,1,nan,nan,nan,nan,0.6979166666666666,0.6979166666666666,0.08333333333333333,0.8125,0.08854166666666667,nan,192
2,mon,128,end,1,0.9375,0.015625,0.046875,0.921875,nan,nan,nan,nan,nan,192
2,vWr,128,end,1,0.75,0.13541666666666666,0.11458333333333334,0.6145833333333334,0.19270833333333334,0.4427083333333333,0.1875,0.5989583333333334,0.08854166666666667,nan,192
2,vB,128,end,1,1.0,0.0,0.0,1.0,1.0,1.0,0.0,1.0,0.0,nan,192
2,vW,128,end,4,0.359375,0.4010416666666667,0.23958333333333331,-0.041666666666666685,0.23958333333333334,0.23958333333333334,0.24479166666666666,0.3854166666666667,0.16666666666666666,1.0,192
2,vWo,128,end,4,0.7135416666666666,0.15625,0.13020833333333337,0.5572916666666666,0.3177083333333333,0.2916666666666667,0.23958333333333334,0.4270833333333333,0.057291666666666664,1.0,192
2,v1,128,end,4,0.7760416666666666,0.11458333333333333,0.10937500000000004,0.6614583333333333,nan,nan,nan,nan,nan,192
2,probe_v1,128,end,4,nan,nan,nan,nan,0.6979166666666666,0.6979166666666666,0.08854166666666667,0.8333333333333334,0.09375,nan,192
2,mon,128,end,4,0.9375,0.026041666666666668,0.03645833333333333,0.9114583333333334,nan,nan,nan,nan,nan,192
2,vWr,128,end,4,0.6770833333333334,0.19270833333333334,0.1302083333333333,0.484375,0.234375,0.4270833333333333,0.17708333333333334,0.515625,0.16145833333333334,nan,192
2,vB,128,end,4,1.0,0.0,0.0,1.0,1.0,1.0,0.0,1.0,0.0,nan,192
2,vW,192,0.25,1,0.3645833333333333,0.4270833333333333,0.20833333333333343,-0.0625,0.2708333333333333,0.2708333333333333,0.23958333333333334,0.484375,0.15104166666666666,1.0,192
2,vWo,192,0.25,1,0.734375,0.17708333333333334,0.08854166666666666,0.5572916666666666,0.23958333333333334,0.3333333333333333,0.1875,0.5520833333333334,0.026041666666666668,1.0,192
2,v1,192,0.25,1,0.71875,0.125,0.15625,0.59375,nan,nan,nan,nan,nan,192
2,probe_v1,192,0.25,1,nan,nan,nan,nan,0.71875,0.71875,0.06770833333333333,0.8333333333333334,0.11458333333333333,nan,192
2,mon,192,0.25,1,0.9166666666666666,0.03125,0.05208333333333337,0.8854166666666666,nan,nan,nan,nan,nan,192
2,vWr,192,0.25,1,0.6979166666666666,0.16666666666666666,0.1354166666666667,0.53125,0.28125,0.515625,0.13020833333333334,0.6197916666666666,0.15104166666666666,nan,192
2,vB,192,0.25,1,1.0,0.0,0.0,1.0,1.0,1.0,0.0,1.0,0.0,nan,192
2,vW,192,0.25,4,0.4114583333333333,0.390625,0.19791666666666674,0.020833333333333315,0.2708333333333333,0.2708333333333333,0.19270833333333334,0.453125,0.17708333333333334,1.0,192
2,vWo,192,0.25,4,0.765625,0.14583333333333334,0.08854166666666666,0.6197916666666666,0.3125,0.3333333333333333,0.15104166666666666,0.59375,0.015625,1.0,192
2,v1,192,0.25,4,0.796875,0.09375,0.109375,0.703125,nan,nan,nan,nan,nan,192
2,probe_v1,192,0.25,4,nan,nan,nan,nan,0.6979166666666666,0.6979166666666666,0.06770833333333333,0.8854166666666666,0.052083333333333336,nan,192
2,mon,192,0.25,4,0.9375,0.015625,0.046875,0.921875,nan,nan,nan,nan,nan,192
2,vWr,192,0.25,4,0.7447916666666666,0.11458333333333333,0.14062500000000006,0.6302083333333333,0.21875,0.453125,0.109375,0.6354166666666666,0.09375,nan,192
2,vB,192,0.25,4,1.0,0.0,0.0,1.0,1.0,1.0,0.0,1.0,0.0,nan,192
2,vW,192,0.75,1,0.3645833333333333,0.4270833333333333,0.20833333333333343,-0.0625,0.2708333333333333,0.2708333333333333,0.23958333333333334,0.484375,0.15104166666666666,1.0,192
2,vWo,192,0.75,1,0.7239583333333334,0.18229166666666666,0.09374999999999997,0.5416666666666667,0.24479166666666666,0.3385416666666667,0.1875,0.5520833333333334,0.026041666666666668,1.0,192
2,v1,192,0.75,1,0.7135416666666666,0.13020833333333334,0.15625000000000003,0.5833333333333333,nan,nan,nan,nan,nan,192
2,probe_v1,192,0.75,1,nan,nan,nan,nan,0.7135416666666666,0.7135416666666666,0.06770833333333333,0.8229166666666666,0.11979166666666667,nan,192
2,mon,192,0.75,1,0.9166666666666666,0.03125,0.05208333333333337,0.8854166666666666,nan,nan,nan,nan,nan,192
2,vWr,192,0.75,1,0.6979166666666666,0.16666666666666666,0.1354166666666667,0.53125,0.28125,0.515625,0.13020833333333334,0.6197916666666666,0.15104166666666666,nan,192
2,vB,192,0.75,1,1.0,0.0,0.0,1.0,1.0,1.0,0.0,1.0,0.0,nan,192
2,vW,192,0.75,4,0.4114583333333333,0.390625,0.19791666666666674,0.020833333333333315,0.2708333333333333,0.2708333333333333,0.19270833333333334,0.453125,0.17708333333333334,1.0,192
2,vWo,192,0.75,4,0.7604166666666666,0.15625,0.08333333333333337,0.6041666666666666,0.3229166666666667,0.34375,0.15104166666666666,0.5833333333333334,0.020833333333333332,1.0,192
2,v1,192,0.75,4,0.7916666666666666,0.09375,0.11458333333333337,0.6979166666666666,nan,nan,nan,nan,nan,192
2,probe_v1,192,0.75,4,nan,nan,nan,nan,0.6927083333333334,0.6927083333333334,0.0625,0.890625,0.052083333333333336,nan,192
2,mon,192,0.75,4,0.9375,0.015625,0.046875,0.921875,nan,nan,nan,nan,nan,192
2,vWr,192,0.75,4,0.7447916666666666,0.11458333333333333,0.14062500000000006,0.6302083333333333,0.21875,0.453125,0.109375,0.6354166666666666,0.09375,nan,192
2,vB,192,0.75,4,1.0,0.0,0.0,1.0,1.0,1.0,0.0,1.0,0.0,nan,192
2,vW,192,end,1,0.3645833333333333,0.4270833333333333,0.20833333333333343,-0.0625,0.2708333333333333,0.2708333333333333,0.23958333333333334,0.484375,0.15104166666666666,1.0,192
2,vWo,192,end,1,0.7291666666666666,0.1875,0.08333333333333337,0.5416666666666666,0.24479166666666666,0.3385416666666667,0.1875,0.5364583333333334,0.03125,1.0,192
2,v1,192,end,1,0.7135416666666666,0.13020833333333334,0.15625000000000003,0.5833333333333333,nan,nan,nan,nan,nan,192
2,probe_v1,192,end,1,nan,nan,nan,nan,0.71875,0.71875,0.0625,0.8177083333333334,0.125,nan,192
2,mon,192,end,1,0.9166666666666666,0.03125,0.05208333333333337,0.8854166666666666,nan,nan,nan,nan,nan,192
2,vWr,192,end,1,0.6979166666666666,0.16666666666666666,0.1354166666666667,0.53125,0.28125,0.515625,0.13020833333333334,0.6197916666666666,0.15104166666666666,nan,192
2,vB,192,end,1,1.0,0.0,0.0,1.0,1.0,1.0,0.0,1.0,0.0,nan,192
2,vW,192,end,4,0.4114583333333333,0.390625,0.19791666666666674,0.020833333333333315,0.2708333333333333,0.2708333333333333,0.19270833333333334,0.453125,0.17708333333333334,1.0,192
2,vWo,192,end,4,0.765625,0.14583333333333334,0.08854166666666666,0.6197916666666666,0.3333333333333333,0.3541666666666667,0.15104166666666666,0.59375,0.015625,1.0,192
2,v1,192,end,4,0.7916666666666666,0.09895833333333333,0.10937500000000004,0.6927083333333333,nan,nan,nan,nan,nan,192
2,probe_v1,192,end,4,nan,nan,nan,nan,0.6979166666666666,0.6979166666666666,0.0625,0.9010416666666666,0.046875,nan,192
2,mon,192,end,4,0.9375,0.015625,0.046875,0.921875,nan,nan,nan,nan,nan,192
2,vWr,192,end,4,0.7447916666666666,0.11458333333333333,0.14062500000000006,0.6302083333333333,0.21875,0.453125,0.109375,0.6354166666666666,0.09375,nan,192
2,vB,192,end,4,1.0,0.0,0.0,1.0,1.0,1.0,0.0,1.0,0.0,nan,192
