seed,L,vW,vW_Wg_raw,vW_Wg_pi,vW_V,vW_OC,vW_softhard,vWo,vWo_Wg_raw,vWo_Wg_pi,vWo_V,vWo_OC,vWo_softhard,vWc,vWc_Wg_raw,vWc_Wg_pi,vWc_V,vWc_OC,vWc_softhard,v1,probe_Wg,probe_V,probe_OC,mon,vWr,vWr_Wg_raw,vWr_Wg_pi,vWr_V,vWr_OC,vB,latch_Wg,latch_V,latch_OC,chance
1,0,0.4270833333333333,0.21354166666666666,0.2552083333333333,0.3385416666666667,0.16145833333333334,1.0,0.8697916666666666,0.14583333333333334,0.390625,0.5833333333333334,0.020833333333333332,1.0,0.4114583333333333,0.296875,0.22916666666666666,0.53125,0.11458333333333333,1.0,0.7604166666666666,0.6822916666666666,0.8541666666666666,0.08333333333333333,0.9479166666666666,0.75,0.3125,0.3854166666666667,0.6041666666666666,0.08333333333333333,1.0,1.0,1.0,0.0,0.125
1,16,0.421875,0.21875,0.22916666666666666,0.3489583333333333,0.15104166666666666,1.0,0.6875,0.265625,0.3958333333333333,0.6354166666666666,0.036458333333333336,1.0,0.4270833333333333,0.2604166666666667,0.234375,0.609375,0.11458333333333333,1.0,0.8333333333333334,0.734375,0.8333333333333334,0.07291666666666667,0.984375,0.828125,0.2760416666666667,0.4791666666666667,0.6510416666666666,0.052083333333333336,1.0,1.0,1.0,0.0,0.125
1,32,0.4479166666666667,0.20833333333333334,0.203125,0.3645833333333333,0.13020833333333334,1.0,0.7760416666666666,0.21875,0.4010416666666667,0.6666666666666666,0.010416666666666666,1.0,0.4635416666666667,0.2916666666666667,0.234375,0.5833333333333334,0.11979166666666667,1.0,0.828125,0.7604166666666666,0.84375,0.08854166666666667,0.9739583333333334,0.7916666666666666,0.2916666666666667,0.484375,0.671875,0.08854166666666667,1.0,1.0,1.0,0.0,0.125
1,64,0.5052083333333334,0.2552083333333333,0.265625,0.359375,0.15625,1.0,0.7760416666666666,0.24479166666666666,0.40625,0.65625,0.010416666666666666,1.0,0.4947916666666667,0.19791666666666666,0.2760416666666667,0.359375,0.16666666666666666,1.0,0.78125,0.71875,0.8385416666666666,0.08333333333333333,0.9895833333333334,0.796875,0.3072916666666667,0.4322916666666667,0.6302083333333334,0.057291666666666664,1.0,1.0,1.0,0.0,0.125
1,96,0.4947916666666667,0.24479166666666666,0.2604166666666667,0.3854166666666667,0.15104166666666666,1.0,0.7708333333333334,0.24479166666666666,0.3854166666666667,0.625,0.005208333333333333,1.0,0.5104166666666666,0.234375,0.2552083333333333,0.4947916666666667,0.125,1.0,0.8177083333333334,0.78125,0.8385416666666666,0.08333333333333333,0.9895833333333334,0.8072916666666666,0.28125,0.4114583333333333,0.5989583333333334,0.078125,1.0,1.0,1.0,0.0,0.125
1,128,0.46875,0.21875,0.171875,0.3854166666666667,0.11458333333333333,1.0,0.75,0.28125,0.34375,0.625,0.026041666666666668,1.0,0.4583333333333333,0.21875,0.296875,0.5,0.15625,1.0,0.796875,0.7135416666666666,0.8958333333333334,0.07291666666666667,1.0,0.8489583333333334,0.3177083333333333,0.4791666666666667,0.6458333333333334,0.052083333333333336,1.0,1.0,1.0,0.0,0.125
1,192,0.4114583333333333,0.19270833333333334,0.234375,0.34375,0.15625,1.0,0.6822916666666666,0.2604166666666667,0.34375,0.5208333333333334,0.046875,1.0,0.421875,0.1875,0.2760416666666667,0.4739583333333333,0.171875,1.0,0.8072916666666666,0.75,0.8854166666666666,0.057291666666666664,0.9635416666666666,0.8229166666666666,0.21875,0.4166666666666667,0.5729166666666666,0.0625,1.0,1.0,1.0,0.0,0.125
1,224,0.5260416666666666,0.2708333333333333,0.24479166666666666,0.3489583333333333,0.15625,1.0,0.7552083333333334,0.2760416666666667,0.359375,0.5260416666666666,0.0625,1.0,0.5,0.24479166666666666,0.22916666666666666,0.4739583333333333,0.11979166666666667,1.0,0.8020833333333334,0.734375,0.8645833333333334,0.078125,0.9791666666666666,0.8489583333333334,0.3333333333333333,0.453125,0.6458333333333334,0.036458333333333336,1.0,1.0,1.0,0.0,0.125
1,256,0.4635416666666667,0.23958333333333334,0.24479166666666666,0.375,0.14583333333333334,1.0,0.7291666666666666,0.296875,0.3020833333333333,0.5208333333333334,0.020833333333333332,1.0,0.453125,0.2604166666666667,0.2604166666666667,0.5052083333333334,0.125,1.0,0.7760416666666666,0.6614583333333334,0.7864583333333334,0.08854166666666667,0.9479166666666666,0.7552083333333334,0.3541666666666667,0.453125,0.6510416666666666,0.09375,1.0,1.0,1.0,0.0,0.125
