seed,L,vW,vW_Wg_raw,vW_Wg_pi,vW_V,vW_OC,vW_softhard,vWo,vWo_Wg_raw,vWo_Wg_pi,vWo_V,vWo_OC,vWo_softhard,v1,probe_Wg,probe_V,probe_OC,mon,vWr,vWr_Wg_raw,vWr_Wg_pi,vWr_V,vWr_OC,vB,latch_Wg,latch_V,latch_OC,chance
2,0,0.4947916666666667,0.24479166666666666,0.24479166666666666,0.5052083333333334,0.09895833333333333,1.0,0.7708333333333334,0.2604166666666667,0.22395833333333334,0.4635416666666667,0.036458333333333336,1.0,0.7708333333333334,0.78125,0.8385416666666666,0.09895833333333333,0.9791666666666666,0.734375,0.19791666666666666,0.453125,0.6197916666666666,0.11979166666666667,1.0,1.0,1.0,0.0,0.125
2,16,0.4895833333333333,0.22916666666666666,0.22916666666666666,0.546875,0.10416666666666667,1.0,0.6822916666666666,0.2708333333333333,0.2864583333333333,0.3645833333333333,0.08333333333333333,1.0,0.78125,0.7083333333333334,0.796875,0.10416666666666667,0.9791666666666666,0.75,0.22916666666666666,0.46875,0.6770833333333334,0.078125,1.0,1.0,1.0,0.0,0.125
2,32,0.453125,0.2760416666666667,0.2760416666666667,0.4895833333333333,0.19270833333333334,1.0,0.8177083333333334,0.3802083333333333,0.3072916666666667,0.4739583333333333,0.036458333333333336,1.0,0.8020833333333334,0.734375,0.875,0.0625,0.9427083333333334,0.7447916666666666,0.1875,0.4270833333333333,0.6458333333333334,0.09375,1.0,1.0,1.0,0.0,0.125
2,64,0.484375,0.28125,0.28125,0.53125,0.11979166666666667,1.0,0.7552083333333334,0.3125,0.3333333333333333,0.578125,0.03125,1.0,0.765625,0.6875,0.8489583333333334,0.06770833333333333,0.9739583333333334,0.7291666666666666,0.203125,0.453125,0.6458333333333334,0.08333333333333333,1.0,1.0,1.0,0.0,0.125
2,96,0.46875,0.20833333333333334,0.20833333333333334,0.5572916666666666,0.06770833333333333,1.0,0.7239583333333334,0.3229166666666667,0.3072916666666667,0.4635416666666667,0.06770833333333333,1.0,0.7447916666666666,0.6875,0.8020833333333334,0.09895833333333333,0.953125,0.703125,0.19270833333333334,0.4375,0.6197916666666666,0.11458333333333333,1.0,1.0,1.0,0.0,0.125
2,128,0.4635416666666667,0.265625,0.265625,0.5104166666666666,0.11979166666666667,1.0,0.6822916666666666,0.3385416666666667,0.34375,0.4947916666666667,0.06770833333333333,1.0,0.8125,0.6197916666666666,0.859375,0.036458333333333336,0.9583333333333334,0.7291666666666666,0.25,0.421875,0.59375,0.09895833333333333,1.0,1.0,1.0,0.0,0.125
2,192,0.40625,0.16666666666666666,0.16666666666666666,0.4947916666666667,0.06770833333333333,1.0,0.703125,0.3072916666666667,0.3072916666666667,0.5833333333333334,0.026041666666666668,1.0,0.765625,0.6979166666666666,0.84375,0.078125,0.9479166666666666,0.6770833333333334,0.19270833333333334,0.421875,0.5989583333333334,0.11458333333333333,1.0,1.0,1.0,0.0,0.125
2,224,0.46875,0.3489583333333333,0.3489583333333333,0.4947916666666667,0.171875,1.0,0.7708333333333334,0.375,0.3541666666666667,0.5,0.041666666666666664,1.0,0.78125,0.7552083333333334,0.8229166666666666,0.109375,0.9375,0.8229166666666666,0.234375,0.5052083333333334,0.5364583333333334,0.109375,1.0,1.0,1.0,0.0,0.125
2,256,0.4479166666666667,0.2760416666666667,0.2760416666666667,0.453125,0.140625,1.0,0.7916666666666666,0.3125,0.3385416666666667,0.5208333333333334,0.041666666666666664,1.0,0.75,0.6979166666666666,0.75,0.14583333333333334,0.9427083333333334,0.7291666666666666,0.20833333333333334,0.390625,0.5677083333333334,0.109375,1.0,1.0,1.0,0.0,0.125
