seed,L,arm,acc,Wg_raw,Wg_pi,V,OC,chance,goal_ignorant_ceiling
2,0,vW,0.11979166666666667,0.2864583333333333,0.23958333333333334,0.11458333333333333,0.22916666666666666,0.125,0.25
2,16,vW,0.13020833333333334,0.28125,0.22916666666666666,0.16145833333333334,0.20833333333333334,0.125,0.25
2,32,vW,0.14583333333333334,0.2552083333333333,0.2708333333333333,0.109375,0.23958333333333334,0.125,0.25
2,64,vW,0.109375,0.23958333333333334,0.22916666666666666,0.16145833333333334,0.19791666666666666,0.125,0.25
2,96,vW,0.109375,0.22916666666666666,0.2604166666666667,0.14583333333333334,0.21354166666666666,0.125,0.25
2,128,vW,0.17708333333333334,0.25,0.265625,0.14583333333333334,0.22916666666666666,0.125,0.25
2,192,vW,0.140625,0.2604166666666667,0.22916666666666666,0.16145833333333334,0.1875,0.125,0.25
2,224,vW,0.1875,0.21354166666666666,0.25,0.14583333333333334,0.19270833333333334,0.125,0.25
2,256,vW,0.15104166666666666,0.2708333333333333,0.21354166666666666,0.171875,0.16145833333333334,0.125,0.25
