L,arm,mean,min,max,n_seeds
0,v1,0.2682,0.2083,0.4167,6
0,v1_reminder,0.2734,0.2031,0.3229,6
0,v1_monitor,1.0,1.0,1.0,6
0,v2_anchor,1.0,1.0,1.0,6
16,v1,0.2656,0.2188,0.3229,6
16,v1_reminder,0.2543,0.2135,0.3177,6
16,v1_monitor,1.0,1.0,1.0,6
16,v2_anchor,1.0,1.0,1.0,6
32,v1,0.2943,0.2396,0.349,6
32,v1_reminder,0.2491,0.2344,0.2708,6
32,v1_monitor,1.0,1.0,1.0,6
32,v2_anchor,1.0,1.0,1.0,6
64,v1,0.2439,0.224,0.276,6
64,v1_reminder,0.2318,0.1771,0.276,6
64,v1_monitor,1.0,1.0,1.0,6
64,v2_anchor,1.0,1.0,1.0,6
96,v1,0.2613,0.2344,0.3229,6
96,v1_reminder,0.2309,0.2083,0.276,6
96,v1_monitor,1.0,1.0,1.0,6
96,v2_anchor,1.0,1.0,1.0,6
128,v1,0.2552,0.2292,0.2969,6
128,v1_reminder,0.2509,0.2083,0.2812,6
128,v1_monitor,1.0,1.0,1.0,6
128,v2_anchor,1.0,1.0,1.0,6
192,v1,0.2326,0.2083,0.2604,6
192,v1_reminder,0.2622,0.2083,0.3229,6
192,v1_monitor,1.0,1.0,1.0,6
192,v2_anchor,1.0,1.0,1.0,6
224,v1,0.2405,0.2031,0.2656,6
224,v1_reminder,0.2804,0.2396,0.3177,6
224,v1_monitor,1.0,1.0,1.0,6
224,v2_anchor,1.0,1.0,1.0,6
256,v1,0.2578,0.2135,0.3125,6
256,v1_reminder,nan,nan,nan,0
256,v1_monitor,1.0,1.0,1.0,6
256,v2_anchor,1.0,1.0,1.0,6
