seed,model,framing,L,phi,m,kind,R,C,X,delta,n,V,OC,Rw,Cw,dw
10118487569087009709,pythia-2p8b,F1,800,end,4,hop2_inj,0.0,0.0,1.0,0.0,96,,,,,
10316271124240763831,pythia-2p8b,F1,200,None,0,diag,0.010416666666666666,0.0,0.9895833333333334,0.010416666666666666,96,0.0,0.0,0.0,0.0,0.0
11068891083347907557,pythia-2p8b,F1,800,0.75,1,hop2_inj,0.0,0.0,1.0,0.0,96,,,,,
11686526817192797590,pythia-2p8b,F1,200,end,4,inj,0.0,0.0,1.0,0.0,96,0.0,0.0,0.0,0.5,-0.5
11889213576656338668,pythia-2p8b,F1,200,0.25,1,inj,0.0,0.0,1.0,0.0,96,,,,,
12296607465796892415,pythia-2p8b,F1,200,end,1,inj,0.0,0.0,1.0,0.0,96,,,,,
12669174646368170650,pythia-2p8b,F1,800,end,1,inj,0.0,0.0,1.0,0.0,96,,,,,
13412374697160378968,pythia-2p8b,F1,800,0.75,1,inj,0.0,0.0,1.0,0.0,96,,,,,
13929438903204479458,pythia-2p8b,F1,800,end,4,inj,0.0,0.0,1.0,0.0,96,0.0,0.0,0.0,0.0,0.0
14754817341094211824,pythia-2p8b,F1,800,0.25,4,inj,0.0,0.0,1.0,0.0,96,0.0,0.0,0.0,0.5,-0.5
14952475927378264248,pythia-2p8b,F1,800,0.75,4,inj,0.0,0.0,1.0,0.0,96,,,,,
15104986212325824781,pythia-2p8b,F1,800,None,0,clean,0.010416666666666666,0.0,0.9895833333333334,0.010416666666666666,96,,,,,
16299984803877522167,pythia-2p8b,F1,800,0.25,1,inj,0.0,0.0,1.0,0.0,96,,,,,
1632925896189663437,pythia-2p8b,F1,200,0.25,4,inj,0.0,0.0,1.0,0.0,96,,,,,
16480491588367067463,pythia-2p8b,F1,800,0.75,4,hop2_inj,0.0,0.0,1.0,0.0,96,0.0,0.0,0.0,0.0,0.0
17963265957728260737,pythia-2p8b,F1,200,0.75,1,inj,0.010416666666666666,0.0,0.9895833333333334,0.010416666666666666,96,0.0,0.0,0.0,0.0,0.0
2216464066626762820,pythia-2p8b,F1,800,None,0,diag,0.0,0.0,1.0,0.0,96,,,,,
3022280397771133129,pythia-2p8b,F1,800,end,1,hop2_inj,0.0,0.0,1.0,0.0,96,,,,,
3364832833275785443,pythia-2p8b,F1,800,0.25,1,hop2_inj,0.0,0.0,1.0,0.0,96,,,,,
384214387725617653,pythia-2p8b,F1,200,0.75,4,inj,0.0,0.0,1.0,0.0,96,,,,,
4497648538594366197,pythia-2p8b,F1,0,None,0,diag,0.0,0.0,1.0,0.0,96,,,,,
459512300418211777,pythia-2p8b,F1,800,0.25,4,hop2_inj,0.0,0.0,1.0,0.0,96,0.0,0.0,0.0,0.0,0.0
5282472135806832177,pythia-2p8b,F1,800,None,0,hop2_clean,0.0,0.0,1.0,0.0,96,,,,,
702810153816524860,pythia-2p8b,F1,200,None,0,clean,0.0,0.0,1.0,0.0,96,,,,,
7662277920761427509,pythia-2p8b,F1,0,None,0,clean,0.0,0.010416666666666666,0.9895833333333334,-0.010416666666666666,96,0.0,0.0,0.0,0.5,-0.5
9628290827471680327,pythia-2p8b,F1,0,None,0,hop2_clean,0.020833333333333332,0.0,0.9791666666666666,0.020833333333333332,96,0.0,0.0,0.0,0.0,0.0
